tcgplayer_id,directLow,market,low,mid
11282 (Nonfoil),,16.28,15.86,19.99
11282 (Foil),,68.08,72.19,74.06
4183 (Nonfoil),,68.57,55.99,69.99
4183 (Foil),,,,
12009 (Nonfoil),,17.27,13.18,18.77
12009 (Foil),41.19,41.69,41.0,43.71
11985 (Nonfoil),,7.36,5.5,7.8
11985 (Foil),19.04,27.37,27.5,31.27
11953 (Nonfoil),29.94,25.15,19.0,24.98
11953 (Foil),,58.8,55.89,61.7
12093 (Nonfoil),,14.3,10.51,17.75
12093 (Foil),,67.39,55.0,68.63
38053 (Nonfoil),,,,
38053 (Foil),559.95,,499.99,559.95
13911 (Nonfoil),9.0,14.52,8.0,14.94
13911 (Foil),,48.58,47.65,49.85
27114 (Nonfoil),9.73,11.21,8.0,11.4
27114 (Foil),,20.45,15.71,19.87
4578 (Nonfoil),,9.63,6.38,11.3
4578 (Foil),,,,
52177 (Nonfoil),7.99,7.02,5.33,7.6
52177 (Foil),,11.88,10.5,12.98
215311 (Foil),16.99,17.04,16.94,19.25
215311 (Nonfoil),,,,
38241 (Nonfoil),,,,
38241 (Foil),114.98,150.03,114.98,139.98
3925 (Nonfoil),40.26,43.62,38.9,48.96
3925 (Foil),,,,
15506 (Nonfoil),2.87,5.27,3.29,5.46
15506 (Foil),,29.91,28.01,38.58
15415 (Nonfoil),27.99,35.07,23.0,33.59
15415 (Foil),,47.79,42.94,59.99
35443 (Nonfoil),,2.66,2.25,3.33
35443 (Foil),,5.39,4.0,5.23
47659 (Nonfoil),4.55,5.08,4.06,5.59
47659 (Foil),6.79,10.53,7.14,8.84
6515 (Nonfoil),,10.25,8.0,10.27
6515 (Foil),,45.59,41.25,45.06
6667 (Nonfoil),16.5,27.01,20.68,28.49
6667 (Foil),,346.97,449.99,600.0
18037 (Nonfoil),9.49,8.96,7.0,9.98
18037 (Foil),,25.77,32.95,44.97
9598 (Nonfoil),,6.36,4.83,6.63
9598 (Foil),32.87,58.28,38.07,45.91
9595 (Nonfoil),,18.41,12.81,19.66
9595 (Foil),,140.99,132.99,145.0
10484 (Nonfoil),,46.71,40.71,44.46
10484 (Foil),,449.13,449.89,583.5
37339 (Nonfoil),,75.11,67.4,73.95
37339 (Foil),,,,
123357 (Nonfoil),,,,
123357 (Foil),7.81,7.04,6.25,8.22
123351 (Nonfoil),,,,
123351 (Foil),11.97,15.87,9.95,13.22
123349 (Foil),,16.78,15.02,16.95
123349 (Nonfoil),,,,
165539 (Foil),,9.29,7.2,11.5
165539 (Nonfoil),,,,
189526 (Foil),,3.41,2.32,4.0
189526 (Nonfoil),,,,
194069 (Foil),11.94,10.52,9.79,12.12
194069 (Nonfoil),,,,
123375 (Nonfoil),,,,
123375 (Foil),19.99,7.83,7.99,10.88
146094 (Nonfoil),,,,
146094 (Foil),,9.67,13.49,16.37
146101 (Foil),,6.48,324.15,324.15
146101 (Nonfoil),,,,
12500 (Nonfoil),59.99,28.77,21.98,59.0
12500 (Foil),,113.45,84.99,98.39
12490 (Nonfoil),,10.87,8.0,11.0
12490 (Foil),38.98,35.48,38.98,39.95
36402 (Nonfoil),7.0,7.65,3.99,7.49
36402 (Foil),18.92,16.95,13.97,18.69
36400 (Nonfoil),7.12,7.39,3.99,7.93
36400 (Foil),12.97,19.89,12.99,18.93
36401 (Nonfoil),9.34,8.97,6.2,9.59
36401 (Foil),13.55,23.99,21.82,25.94
36399 (Nonfoil),20.3,22.13,18.4,22.36
36399 (Foil),52.39,83.33,66.99,75.59
18759 (Nonfoil),,21.93,20.0,21.56
18759 (Foil),,53.03,46.72,51.88
5457 (Nonfoil),50.38,40.79,37.0,44.0
5457 (Foil),,,,
14244 (Nonfoil),44.99,47.67,43.37,48.0
14244 (Foil),,103.94,95.0,115.49
6060 (Nonfoil),14.62,33.16,19.94,29.99
6060 (Foil),,,,
6095 (Nonfoil),12.12,34.18,19.99,32.33
6095 (Foil),,,,
33417 (Nonfoil),69.37,63.97,56.06,69.95
33417 (Foil),174.42,161.37,149.69,171.73
33365 (Nonfoil),37.99,39.27,32.2,39.45
33365 (Foil),72.96,59.61,54.0,60.0
33252 (Nonfoil),44.95,36.58,33.0,39.69
33252 (Foil),,57.67,52.0,58.37
58370 (Nonfoil),4.34,4.67,3.0,5.18
58370 (Foil),,12.89,8.31,11.53
60136 (Nonfoil),,,,
60136 (Foil),5.67,5.78,4.0,7.85
60138 (Nonfoil),,,,
60138 (Foil),,18.86,14.36,19.61
66417 (Nonfoil),12.29,9.93,8.89,11.69
66417 (Foil),,17.93,17.0,19.89
67321 (Nonfoil),13.45,12.13,10.0,13.27
67321 (Foil),,20.54,17.0,23.74
67320 (Nonfoil),8.07,7.41,6.74,9.2
67320 (Foil),,20.4,15.45,22.95
72144 (Nonfoil),13.39,12.22,8.0,12.88
72144 (Foil),,,,
82734 (Nonfoil),6.16,5.7,3.96,5.5
82734 (Foil),,,,
98505 (Nonfoil),7.86,8.46,6.0,8.0
98505 (Foil),21.25,10.74,10.84,15.23
110731 (Foil),,39.24,41.17,43.99
110731 (Nonfoil),,,,
110727 (Foil),,53.58,52.79,66.99
110727 (Nonfoil),,,,
110730 (Foil),60.45,67.03,55.0,71.75
110730 (Nonfoil),,,,
104372 (Nonfoil),,,,
104372 (Foil),,105.96,97.01,105.0
105549 (Nonfoil),,,,
105549 (Foil),,81.01,84.99,97.6
105550 (Nonfoil),,,,
105550 (Foil),,122.17,118.42,149.09
105551 (Nonfoil),,,,
105551 (Foil),154.89,139.72,147.9,154.69
110732 (Foil),25.07,26.38,25.07,31.81
110732 (Nonfoil),,,,
105018 (Nonfoil),,,,
105018 (Foil),360.5,322.23,300.0,350.0
107838 (Foil),,,,
107838 (Nonfoil),45.96,28.05,23.46,28.21
122600 (Foil),,12.92,11.04,14.43
122600 (Nonfoil),9.48,5.56,3.93,6.0
124512 (Nonfoil),29.88,20.3,14.99,20.99
124512 (Foil),,,,
146662 (Nonfoil),,,,
146662 (Foil),27.82,20.92,22.52,26.35
128633 (Foil),,93.81,96.5,104.16
128633 (Nonfoil),72.89,72.43,67.0,79.91
129682 (Foil),7.92,6.58,3.99,6.45
129682 (Nonfoil),3.74,2.9,1.97,3.19
132274 (Foil),,,,
132274 (Nonfoil),,6.19,5.0,6.22
161470 (Foil),,11.11,8.94,12.36
161470 (Nonfoil),7.81,6.73,3.97,7.97
166660 (Foil),29.97,23.71,21.34,29.14
166660 (Nonfoil),9.5,13.63,8.99,13.0
166661 (Foil),37.42,31.09,23.99,36.44
166661 (Nonfoil),14.21,15.49,10.22,15.81
166662 (Foil),51.99,47.68,41.99,54.99
166662 (Nonfoil),29.99,21.39,18.5,21.71
179484 (Nonfoil),5.2,4.35,3.5,5.74
179484 (Foil),8.92,6.92,6.0,9.99
188636 (Foil),9.49,8.64,8.0,9.99
188636 (Nonfoil),2.94,3.08,1.94,3.26
190806 (Nonfoil),9.54,9.84,4.38,10.12
190806 (Foil),,32.88,31.99,35.63
191349 (Nonfoil),5.17,5.13,4.0,5.76
191349 (Foil),18.93,19.53,17.75,22.68
190787 (Nonfoil),6.9,6.91,5.6,8.74
190787 (Foil),34.99,36.77,34.0,39.99
190748 (Foil),94.98,92.67,87.5,95.0
190748 (Nonfoil),25.2,26.34,20.0,29.39
192562 (Nonfoil),29.94,16.43,10.0,14.99
192562 (Foil),27.77,24.22,26.25,30.0
199390 (Nonfoil),2.37,2.42,1.25,2.59
199390 (Foil),,2.8,2.25,3.33
199391 (Nonfoil),7.49,6.28,6.1,7.49
199391 (Foil),16.41,16.61,16.41,18.1
199287 (Nonfoil),,3.6,3.0,4.18
199287 (Foil),11.1,11.92,10.99,12.79
199289 (Nonfoil),,8.61,7.31,9.14
199289 (Foil),,29.28,27.0,31.2
199284 (Nonfoil),0.8,0.75,0.3,1.0
199284 (Foil),,2.81,1.36,2.86
199285 (Foil),,26.63,28.0,30.15
199285 (Nonfoil),7.51,8.06,6.99,8.25
212698 (Foil),29.99,26.74,25.63,29.99
212698 (Nonfoil),9.5,8.68,7.0,8.96
212690 (Foil),23.15,22.05,21.82,25.73
212690 (Nonfoil),7.45,6.3,4.5,7.43
212695 (Nonfoil),6.5,4.97,3.5,5.95
212695 (Foil),7.02,5.3,4.47,7.1
212696 (Nonfoil),7.12,6.79,5.75,8.5
212696 (Foil),27.88,23.06,21.49,25.3
212694 (Nonfoil),6.07,5.72,4.0,7.05
212694 (Foil),22.99,19.98,17.99,24.0
215655 (Foil),,18.13,14.99,22.03
215655 (Nonfoil),9.99,9.36,8.05,10.45
216140 (Nonfoil),,13.41,12.99,14.21
216140 (Foil),,,,
219101 (Foil),5.1,4.72,3.79,5.75
219101 (Nonfoil),4.0,4.07,3.0,4.41
218577 (Nonfoil),,13.28,12.95,17.57
218577 (Foil),17.51,15.63,14.0,21.39
218435 (Nonfoil),,13.72,10.0,15.0
218435 (Foil),,17.49,15.0,20.0
14108 (Nonfoil),15.65,12.55,10.82,15.99
14108 (Foil),,60.95,42.99,50.36
47453 (Nonfoil),7.18,12.4,8.28,10.74
47453 (Foil),,,,
36936 (Nonfoil),,,,
36936 (Foil),13.99,12.66,9.0,12.66
27108 (Nonfoil),,9.22,8.0,10.0
27108 (Foil),,31.16,27.0,30.85
13694 (Nonfoil),,12.03,10.91,12.58
13694 (Foil),19.55,21.96,19.46,20.86
13787 (Nonfoil),16.99,23.71,16.0,18.61
13787 (Foil),90.0,135.89,90.0,125.77
52175 (Nonfoil),5.69,5.11,3.63,5.4
52175 (Foil),,9.2,7.92,9.49
38282 (Nonfoil),,,,
38282 (Foil),,125.0,94.97,132.38
38281 (Nonfoil),,,,
38281 (Foil),,82.74,79.24,82.95
15408 (Nonfoil),,5.4,2.99,6.08
15408 (Foil),,16.74,8.0,10.8
15622 (Nonfoil),,6.66,5.0,7.25
15622 (Foil),,61.0,47.22,52.46
47663 (Nonfoil),3.96,4.07,1.93,4.93
47663 (Foil),,30.43,22.0,26.6
38344 (Nonfoil),,,,
38344 (Foil),,219.1,180.0,191.19
91630 (Nonfoil),,,,
91630 (Foil),52.48,39.92,37.2,39.49
9604 (Nonfoil),,24.14,20.81,25.0
9604 (Foil),,104.69,82.94,108.97
469 (Nonfoil),22.94,22.78,22.94,28.77
469 (Foil),,,,
189472 (Nonfoil),,,,
189472 (Foil),11.3,11.54,11.3,15.44
48140 (Nonfoil),,,,
48140 (Foil),,5.84,4.41,6.23
105919 (Nonfoil),,,,
105919 (Foil),,25.5,17.0,19.75
177517 (Nonfoil),,,,
177517 (Foil),,3.87,2.49,3.74
123402 (Foil),,14.99,12.75,15.04
123402 (Nonfoil),,,,
165593 (Nonfoil),,,,
165593 (Foil),,6.76,5.56,7.82
123348 (Foil),,8.1,8.96,11.67
123348 (Nonfoil),,,,
194036 (Foil),7.76,4.67,3.17,5.99
194036 (Nonfoil),,,,
13475 (Nonfoil),13.98,19.84,13.05,18.95
13475 (Foil),,114.08,119.99,130.32
36389 (Nonfoil),5.96,6.33,4.99,7.68
36389 (Foil),14.96,20.95,16.48,24.79
36229 (Nonfoil),,8.72,7.0,9.55
36229 (Foil),,21.18,20.45,21.88
5441 (Nonfoil),79.98,81.7,64.99,87.42
5441 (Foil),,,,
6275 (Nonfoil),,62.59,54.95,75.5
6275 (Foil),,316.79,326.51,370.96
6135 (Nonfoil),61.58,67.01,67.98,89.96
6135 (Foil),,699.95,450.0,479.23
7073 (Nonfoil),85.99,102.17,90.0,104.5
7073 (Foil),,,,
5951 (Nonfoil),14.94,34.52,20.0,39.97
5951 (Foil),,,,
6131 (Nonfoil),19.89,24.65,17.46,26.99
6131 (Foil),,,,
5969 (Nonfoil),10.75,17.42,12.99,17.0
5969 (Foil),,,,
34324 (Nonfoil),,9.09,7.85,13.99
34324 (Foil),,39.99,36.42,43.21
33464 (Nonfoil),,22.71,18.74,22.0
33464 (Foil),,30.39,26.4,30.17
68289 (Nonfoil),17.28,20.18,17.71,20.1
68289 (Foil),,34.13,40.84,42.85
71171 (Nonfoil),2.03,1.67,0.7,2.09
71171 (Foil),,4.67,2.11,4.5
71000 (Nonfoil),4.73,3.84,2.58,4.53
71000 (Foil),,7.17,4.99,10.44
78660 (Nonfoil),1.46,1.28,0.7,2.01
78660 (Foil),,5.05,2.66,4.99
78846 (Nonfoil),,19.46,16.61,20.0
78846 (Foil),,32.31,38.0,39.9
82180 (Nonfoil),,9.96,7.99,9.99
82180 (Foil),37.23,27.26,35.0,38.77
91041 (Nonfoil),14.24,13.76,7.0,13.42
91041 (Foil),,18.23,14.99,19.2
83170 (Nonfoil),3.95,5.97,2.5,7.44
83170 (Foil),49.95,65.57,43.99,61.02
94212 (Nonfoil),9.75,6.57,6.24,7.05
94212 (Foil),,,,
98647 (Nonfoil),,16.31,12.95,18.99
98647 (Foil),44.98,31.46,26.0,31.22
96065 (Nonfoil),,10.49,,
96065 (Foil),9.03,14.05,8.0,11.49
100217 (Nonfoil),14.25,12.51,10.0,13.25
100217 (Foil),,22.7,29.27,29.99
101468 (Nonfoil),,,,
101468 (Foil),37.33,49.4,37.33,44.99
105556 (Nonfoil),,,,
105556 (Foil),104.35,75.27,76.25,81.09
110737 (Nonfoil),,,,
110737 (Foil),108.43,58.65,45.99,106.72
110739 (Foil),34.19,36.66,34.19,39.39
110739 (Nonfoil),,,,
107840 (Nonfoil),5.4,4.98,2.99,6.66
107840 (Foil),,,,
113229 (Nonfoil),,1.95,0.5,1.99
113229 (Foil),,,,
118429 (Foil),,59.46,60.99,63.67
118429 (Nonfoil),,44.68,44.95,49.89
121180 (Foil),7.26,7.09,6.0,8.47
121180 (Nonfoil),,,,
128280 (Foil),,94.81,89.99,95.0
128280 (Nonfoil),70.45,63.64,53.76,65.98
130149 (Nonfoil),28.35,23.29,20.0,26.52
130149 (Foil),,30.24,25.0,33.49
139783 (Foil),,,,
139783 (Nonfoil),,12.87,9.99,15.0
145334 (Foil),,8.22,7.4,10.74
145334 (Nonfoil),7.5,7.46,5.75,7.5
151632 (Foil),7.99,7.69,7.69,9.19
151632 (Nonfoil),,,,
151642 (Nonfoil),,,,
151642 (Foil),,20.52,19.99,27.5
167762 (Nonfoil),10.0,9.41,6.99,11.06
167762 (Foil),28.48,30.67,26.0,33.64
166659 (Nonfoil),9.49,10.41,7.99,11.0
166659 (Foil),29.95,21.83,18.99,26.0
166663 (Foil),44.99,38.27,38.39,44.25
166663 (Nonfoil),16.0,14.44,12.0,15.95
175203 (Foil),13.62,13.89,13.0,14.97
175203 (Nonfoil),12.0,10.74,6.0,10.8
176777 (Nonfoil),14.6,12.29,10.0,13.55
176777 (Foil),19.98,19.38,17.44,22.81
179536 (Nonfoil),28.95,27.46,22.98,26.13
179536 (Foil),,31.33,31.88,33.85
183201 (Foil),,2.66,1.78,4.65
183201 (Nonfoil),0.59,0.86,0.15,1.01
188505 (Foil),,1.24,0.98,1.58
188505 (Nonfoil),,,,
188703 (Nonfoil),1.61,1.84,0.9,1.9
188703 (Foil),,3.09,2.58,3.99
190865 (Foil),15.16,15.11,13.82,22.0
190865 (Nonfoil),4.0,4.11,3.21,5.03
190793 (Foil),27.68,34.08,26.6,37.99
190793 (Nonfoil),5.84,5.73,4.91,7.35
190796 (Foil),21.0,21.9,20.95,24.0
190796 (Nonfoil),4.83,4.79,3.99,5.99
190784 (Nonfoil),9.41,9.41,8.5,11.0
190784 (Foil),32.39,32.89,31.0,39.99
192523 (Nonfoil),17.95,13.33,10.5,12.71
192523 (Foil),,15.71,14.44,18.0
198855 (Nonfoil),1.1,1.47,0.89,2.18
198855 (Foil),,7.06,5.86,9.17
206666 (Foil),11.27,11.7,10.51,12.99
206666 (Nonfoil),11.75,10.7,8.5,11.86
206693 (Nonfoil),12.19,10.69,8.82,12.03
206693 (Foil),,16.71,12.0,19.94
206011 (Nonfoil),1.39,1.46,0.91,2.69
206011 (Foil),3.16,2.98,2.38,4.75
206190 (Nonfoil),0.42,0.58,0.39,1.0
206190 (Foil),0.66,0.9,0.33,1.41
206838 (Foil),,1.23,0.5,1.31
206838 (Nonfoil),1.0,0.91,0.06,1.05
206947 (Foil),,5.79,4.49,7.0
206947 (Nonfoil),2.27,2.04,1.53,2.09
206640 (Foil),,10.3,10.17,12.18
206640 (Nonfoil),4.99,4.19,2.99,4.19
206639 (Nonfoil),3.25,3.15,2.35,4.3
206639 (Foil),,11.79,10.62,14.0
206641 (Nonfoil),,3.12,1.5,3.52
206641 (Foil),,8.26,7.0,9.18
206638 (Nonfoil),3.5,2.7,1.51,3.0
206638 (Foil),,7.61,5.8,8.79
206637 (Foil),,9.46,7.25,10.37
206637 (Nonfoil),2.86,2.97,2.6,3.5
205479 (Foil),,4.81,4.68,7.0
205479 (Nonfoil),,,,
212235 (Foil),19.93,18.41,18.28,22.22
212235 (Nonfoil),3.97,3.4,2.88,4.15
212692 (Nonfoil),8.89,8.48,6.34,9.49
212692 (Foil),,28.16,25.0,31.15
215502 (Foil),3.75,3.79,2.0,4.05
215502 (Nonfoil),,1.98,1.33,2.95
215537 (Foil),8.09,8.48,7.3,9.38
215537 (Nonfoil),59.53,3.48,2.5,4.19
215367 (Nonfoil),0.99,0.92,0.31,1.32
215367 (Foil),2.61,2.06,1.58,3.39
215599 (Nonfoil),,1.38,0.78,1.97
215599 (Foil),,2.32,1.65,2.69
215597 (Nonfoil),,1.48,1.0,2.14
215597 (Foil),,2.97,2.49,3.43
215595 (Foil),,3.45,2.5,4.0
215595 (Nonfoil),,1.77,1.0,2.08
215596 (Foil),,2.79,1.99,3.5
215596 (Nonfoil),,1.43,0.6,1.8
218589 (Foil),8.99,7.77,5.66,8.16
218589 (Nonfoil),5.5,5.34,4.5,6.64
218833 (Nonfoil),10.23,9.48,8.99,12.0
218833 (Foil),17.1,16.24,16.0,17.99
14000 (Nonfoil),9.99,13.87,9.01,14.06
14000 (Foil),46.44,53.0,46.44,50.98
14017 (Nonfoil),12.99,12.56,10.17,12.95
14017 (Foil),45.0,42.39,38.53,42.33
46825 (Nonfoil),12.18,10.63,8.95,11.14
46825 (Foil),,,,
4351 (Nonfoil),29.98,29.02,30.72,37.98
4351 (Foil),,,,
11920 (Nonfoil),,12.28,10.05,14.36
11920 (Foil),,53.85,32.0,39.99
1818 (Nonfoil),28.1,34.19,28.1,33.44
1818 (Foil),,,,
7458 (Nonfoil),12.96,12.29,9.3,12.28
7458 (Foil),,38.47,41.99,69.99
67746 (Nonfoil),,,,
67746 (Foil),,36.73,31.69,40.99
10177 (Nonfoil),13.99,9.49,6.79,8.29
10177 (Foil),,44.37,43.02,45.19
10182 (Nonfoil),,16.64,14.23,17.96
10182 (Foil),,60.0,46.75,47.94
15574 (Nonfoil),9.6,11.81,6.73,10.96
15574 (Foil),25.93,29.9,25.93,32.58
32725 (Nonfoil),,4.89,4.56,5.91
32725 (Foil),,15.13,15.91,23.0
35657 (Nonfoil),2.25,2.95,1.23,3.76
35657 (Foil),17.48,21.95,14.99,21.85
17997 (Nonfoil),7.09,9.39,6.77,10.15
17997 (Foil),,42.35,42.23,58.97
39420 (Nonfoil),,3.75,2.5,4.99
39420 (Foil),6.07,5.8,4.99,7.99
9301 (Nonfoil),,9.66,6.93,9.21
9301 (Foil),,63.65,40.0,62.0
10318 (Nonfoil),,5.71,4.49,8.86
10318 (Foil),,39.21,27.78,40.12
194029 (Nonfoil),,,,
194029 (Foil),,11.8,7.75,11.17
183998 (Nonfoil),,,,
183998 (Foil),2.47,1.64,1.0,2.5
177466 (Nonfoil),,,,
177466 (Foil),1.49,1.4,0.84,1.52
95615 (Nonfoil),,,,
95615 (Foil),,8.26,5.27,6.57
194027 (Nonfoil),,,,
194027 (Foil),6.34,6.15,5.75,6.79
120755 (Nonfoil),,,,
120755 (Foil),,15.5,11.01,15.07
194051 (Foil),,4.44,2.98,4.19
194051 (Nonfoil),,,,
165570 (Nonfoil),,,,
165570 (Foil),,16.29,12.61,19.19
189494 (Nonfoil),,,,
189494 (Foil),8.93,8.72,7.25,8.95
189464 (Nonfoil),,,,
189464 (Foil),,9.87,7.93,10.73
34727 (Nonfoil),,28.76,22.91,26.82
34727 (Foil),,76.16,71.03,80.64
12487 (Nonfoil),,18.54,16.75,19.0
12487 (Foil),,40.6,33.99,41.2
12522 (Nonfoil),,4.89,2.95,4.98
12522 (Foil),,33.2,28.99,36.04
10829 (Nonfoil),,20.89,16.0,20.24
10829 (Foil),,50.01,53.71,73.99
5362 (Nonfoil),,8.16,5.79,9.49
5362 (Foil),,,,
5333 (Nonfoil),26.59,31.2,23.99,34.97
5333 (Foil),,,,
5620 (Nonfoil),13.99,9.89,7.99,10.87
5620 (Foil),,,,
3541 (Nonfoil),15.0,18.91,14.79,20.67
3541 (Foil),,,,
6232 (Nonfoil),99.99,90.42,101.84,120.0
6232 (Foil),,329.99,284.99,349.99
6215 (Nonfoil),9.19,15.62,8.77,20.0
6215 (Foil),72.54,104.31,71.72,116.08
6947 (Nonfoil),,10.6,6.63,10.4
6947 (Foil),,,,
5913 (Nonfoil),11.0,12.82,9.21,13.77
5913 (Foil),,,,
34444 (Nonfoil),26.0,30.27,23.95,33.42
34444 (Foil),84.79,146.02,79.0,97.74
34384 (Nonfoil),,88.63,70.0,89.0
34384 (Foil),,484.97,354.0,427.96
33250 (Nonfoil),10.59,11.45,8.59,13.73
33250 (Foil),,18.96,16.18,19.44
57621 (Nonfoil),6.94,5.81,4.44,6.62
57621 (Foil),10.98,13.23,9.45,15.15
59549 (Nonfoil),,6.79,5.0,7.46
59549 (Foil),,,,
66601 (Nonfoil),4.4,2.91,1.0,4.5
66601 (Foil),,13.68,9.75,14.67
68253 (Nonfoil),,17.63,15.0,19.88
68253 (Foil),27.78,28.92,20.47,27.22
82745 (Nonfoil),3.26,4.45,2.5,5.0
82745 (Foil),,,,
93765 (Nonfoil),4.03,3.69,3.1,5.65
93765 (Foil),,,,
100096 (Nonfoil),9.99,10.63,7.55,11.0
100096 (Foil),,23.49,19.0,22.6
100191 (Nonfoil),22.62,22.48,18.49,25.38
100191 (Foil),,46.94,42.95,53.73
121625 (Foil),,117.47,97.85,122.5
121625 (Nonfoil),22.46,21.35,16.01,24.01
121450 (Foil),,84.98,85.99,90.52
121450 (Nonfoil),14.27,12.38,10.31,15.25
121628 (Nonfoil),11.89,10.38,8.77,11.29
121628 (Foil),62.5,65.61,62.12,67.91
126405 (Foil),,10.62,9.0,10.98
126405 (Nonfoil),7.29,6.64,5.0,7.07
129816 (Foil),,12.9,10.98,16.06
129816 (Nonfoil),6.73,7.7,5.78,7.76
129540 (Nonfoil),,,,
129540 (Foil),51.76,51.76,48.0,51.9
129545 (Foil),288.08,252.62,279.9,299.48
129545 (Nonfoil),,,,
139796 (Nonfoil),29.97,27.12,23.85,29.11
139796 (Foil),,,,
139830 (Foil),,,,
139830 (Nonfoil),,37.73,32.5,40.32
145331 (Foil),,38.66,43.92,48.5
145331 (Nonfoil),,30.31,28.53,35.0
145317 (Foil),,17.15,16.0,17.25
145317 (Nonfoil),,15.0,12.6,15.49
145291 (Nonfoil),,17.07,15.0,17.82
145291 (Foil),,24.57,19.2,22.25
168773 (Foil),,17.46,16.0,24.99
168773 (Nonfoil),13.24,15.09,10.0,15.0
176855 (Foil),2.38,2.92,2.0,2.9
176855 (Nonfoil),0.79,1.4,0.5,1.68
175574 (Nonfoil),1.01,1.02,0.37,1.19
175574 (Foil),,2.58,2.18,2.95
176561 (Foil),,2.22,1.5,2.73
176561 (Nonfoil),0.73,0.73,0.25,1.07
180794 (Foil),12.47,15.29,12.47,18.89
180794 (Nonfoil),8.09,7.3,5.8,7.49
183227 (Foil),,3.26,3.0,4.75
183227 (Nonfoil),2.83,2.49,1.29,2.46
183033 (Foil),,38.25,37.99,43.0
183033 (Nonfoil),,16.74,14.17,16.99
183174 (Nonfoil),0.68,0.55,0.24,0.81
183174 (Foil),,1.42,1.0,2.37
188637 (Foil),10.08,8.41,5.57,8.39
188637 (Nonfoil),3.28,3.78,2.1,4.27
188638 (Nonfoil),,,,
188638 (Foil),2.53,2.78,2.0,3.09
190647 (Nonfoil),48.0,41.42,39.5,48.97
190647 (Foil),199.94,169.7,169.49,199.42
190873 (Foil),22.97,23.46,19.99,29.94
190873 (Nonfoil),8.05,7.69,6.35,9.71
192616 (Nonfoil),0.2,0.25,0.14,0.49
192616 (Foil),1.69,1.92,1.28,2.26
192559 (Foil),,8.82,7.0,9.63
192559 (Nonfoil),7.39,5.52,4.74,6.49
192694 (Foil),,2.07,1.0,2.09
192694 (Nonfoil),,,,
199057 (Foil),2.22,2.2,1.8,2.93
199057 (Nonfoil),1.97,1.85,1.0,1.94
199058 (Nonfoil),,5.03,4.16,5.6
199058 (Foil),,16.95,16.61,21.5
198979 (Foil),,39.86,38.5,40.74
198979 (Nonfoil),8.79,8.86,7.96,9.75
198945 (Foil),10.25,9.76,8.76,10.47
198945 (Nonfoil),,2.51,1.95,3.32
199346 (Nonfoil),0.1,0.23,0.08,0.49
199346 (Foil),,0.55,0.35,1.09
199426 (Nonfoil),1.0,0.93,0.14,1.28
199426 (Foil),2.31,2.69,1.99,4.19
198399 (Foil),,10.1,9.49,12.19
198399 (Nonfoil),,2.86,2.0,3.61
198557 (Nonfoil),1.77,1.23,0.49,1.42
198557 (Foil),,1.4,0.99,2.0
199302 (Foil),0.73,1.05,0.56,1.87
199302 (Nonfoil),0.42,0.49,0.25,1.0
199303 (Foil),,13.18,9.99,13.18
199303 (Nonfoil),3.89,3.64,2.1,3.99
199465 (Foil),1.27,1.46,0.8,1.7
199465 (Nonfoil),0.95,0.85,0.25,1.18
206668 (Nonfoil),6.23,6.82,4.49,7.15
206668 (Foil),16.5,17.29,15.99,19.61
207070 (Foil),,5.27,4.75,5.94
207070 (Nonfoil),2.26,2.26,1.74,2.9
206854 (Foil),,2.31,1.5,3.01
206854 (Nonfoil),1.79,1.57,0.92,1.81
212085 (Foil),0.35,0.33,0.14,0.97
212085 (Nonfoil),0.28,0.28,0.07,0.5
212007 (Nonfoil),40.95,33.75,29.98,37.61
212007 (Foil),52.18,50.72,48.35,57.85
212218 (Nonfoil),,30.85,28.9,33.99
212218 (Foil),,,,
215733 (Foil),10.24,11.52,9.25,12.99
215733 (Nonfoil),,4.48,3.0,4.94
215928 (Foil),,3.6,2.99,4.27
215928 (Nonfoil),,1.55,1.0,1.85
215738 (Nonfoil),,0.83,0.44,1.34
215738 (Foil),,1.88,1.29,2.45
215486 (Nonfoil),,10.71,9.98,11.41
215486 (Foil),,16.7,15.03,20.58
215926 (Foil),,3.69,2.29,4.0
215926 (Nonfoil),,1.05,0.5,1.29
218828 (Nonfoil),,3.32,2.29,3.5
218828 (Foil),7.0,6.22,4.5,5.47
15367 (Nonfoil),,20.38,17.54,20.46
15367 (Foil),,79.31,59.99,127.47
12284 (Nonfoil),,12.37,14.0,17.92
12284 (Foil),,51.36,19.95,21.07
2663 (Nonfoil),,19.82,14.61,19.94
2663 (Foil),,,,
47509 (Nonfoil),18.99,18.77,17.46,19.46
47509 (Foil),,,,
14853 (Nonfoil),56.57,13.97,11.0,13.31
14853 (Foil),,35.38,16.53,20.48
95054 (Nonfoil),,,,
95054 (Foil),,9.95,7.49,10.58
55922 (Nonfoil),15.5,9.25,7.5,8.93
55922 (Foil),,11.41,9.49,12.25
206250 (Foil),78.42,82.76,73.69,78.65
206250 (Nonfoil),,,,
215312 (Nonfoil),,,,
215312 (Foil),,34.35,19.74,29.99
10741 (Nonfoil),,15.82,13.09,16.13
10741 (Foil),,39.99,27.75,33.47
15428 (Nonfoil),6.99,6.61,4.99,7.0
15428 (Foil),23.95,20.48,22.0,27.95
47629 (Nonfoil),7.54,7.02,3.95,7.14
47629 (Foil),,23.21,18.0,23.0
47700 (Nonfoil),8.54,9.79,7.0,10.25
47700 (Foil),,25.48,18.84,23.76
6481 (Nonfoil),6.5,6.78,2.8,6.47
6481 (Foil),,20.58,21.0,21.21
6437 (Nonfoil),,6.68,4.0,7.11
6437 (Foil),,56.21,65.0,74.99
10539 (Nonfoil),,13.69,12.0,13.99
10539 (Foil),,33.34,30.99,37.01
14722 (Nonfoil),2.84,3.5,2.27,4.6
14722 (Foil),12.48,15.94,12.59,14.0
14703 (Nonfoil),,41.14,40.55,44.95
14703 (Foil),,71.36,63.44,78.19
741 (Nonfoil),52.72,45.76,32.0,44.76
741 (Foil),,,,
57248 (Nonfoil),,,,
57248 (Foil),19.18,18.1,17.1,20.14
189521 (Nonfoil),,,,
189521 (Foil),,6.21,5.42,7.32
184102 (Foil),,3.11,1.71,2.98
184102 (Nonfoil),,,,
189496 (Foil),12.09,11.79,10.54,15.28
189496 (Nonfoil),,,,
194040 (Nonfoil),,,,
194040 (Foil),11.96,9.11,6.99,9.39
12524 (Nonfoil),11.01,15.8,8.3,16.8
12524 (Foil),,125.7,110.0,128.0
10871 (Nonfoil),,13.43,10.01,14.37
10871 (Foil),,41.88,28.99,40.0
18779 (Nonfoil),7.99,9.28,5.51,9.52
18779 (Foil),,47.68,39.76,44.39
27601 (Nonfoil),6.97,22.3,6.49,15.97
27601 (Foil),57.0,66.88,57.0,66.33
27824 (Nonfoil),,17.64,14.49,17.57
27824 (Foil),,28.77,27.0,30.64
5773 (Nonfoil),,14.4,13.13,15.81
5773 (Foil),,,,
9245 (Nonfoil),36.49,89.13,57.63,83.61
9245 (Foil),,,,
6354 (Nonfoil),39.95,44.5,38.0,49.0
6354 (Foil),,260.72,245.9,283.49
7036 (Nonfoil),8.98,12.11,9.95,14.34
7036 (Foil),,,,
6080 (Nonfoil),23.0,24.77,22.01,29.0
6080 (Foil),,,,
34358 (Nonfoil),4.45,6.96,3.98,7.66
34358 (Foil),,32.59,19.99,30.65
33265 (Nonfoil),,21.61,15.24,21.61
33265 (Foil),,26.75,33.99,34.89
58177 (Nonfoil),,5.31,4.49,7.55
58177 (Foil),,18.29,17.59,21.59
58290 (Nonfoil),16.91,15.32,13.1,16.91
58290 (Foil),60.0,33.76,20.37,32.92
58373 (Nonfoil),30.87,32.99,28.81,34.89
58373 (Foil),,55.1,49.99,60.67
59521 (Nonfoil),37.99,36.36,36.0,46.95
59521 (Foil),,,,
59835 (Nonfoil),,15.9,12.51,15.75
59835 (Foil),,24.49,26.99,35.43
67188 (Nonfoil),,,,
67188 (Foil),170.02,62.43,108.0,127.39
67378 (Nonfoil),,6.43,4.78,6.17
67378 (Foil),,11.45,6.0,13.95
71086 (Nonfoil),11.97,9.58,7.0,9.73
71086 (Foil),,16.23,14.76,17.74
70991 (Nonfoil),12.5,9.26,8.0,13.2
70991 (Foil),,23.48,19.0,25.0
79991 (Nonfoil),4.06,3.33,1.94,4.09
79991 (Foil),,,,
82278 (Nonfoil),7.99,6.9,5.64,7.91
82278 (Foil),18.74,14.66,12.0,14.0
91642 (Nonfoil),6.12,4.22,3.98,8.96
91642 (Foil),,,,
98597 (Nonfoil),31.99,28.33,25.5,30.83
98597 (Foil),,29.92,28.54,39.79
97965 (Nonfoil),,9.24,7.06,13.4
97965 (Foil),13.95,14.2,13.21,17.97
98642 (Nonfoil),,33.22,26.79,38.97
98642 (Foil),49.45,57.91,49.23,57.9
114875 (Foil),13.96,16.62,8.01,16.35
114875 (Nonfoil),6.0,4.86,3.79,6.27
120116 (Nonfoil),4.69,4.81,3.49,6.98
120116 (Foil),14.87,19.55,13.89,20.6
187115 (Foil),9.63,6.67,6.5,8.68
187115 (Nonfoil),,,,
39455 (Nonfoil),,,,
39455 (Foil),9.69,10.12,5.41,10.12
128484 (Foil),60.59,58.93,60.59,85.25
128484 (Nonfoil),42.5,38.58,34.0,43.66
129559 (Foil),,21.06,22.66,24.98
129559 (Nonfoil),,,,
134906 (Foil),,51.0,41.99,54.99
134906 (Nonfoil),,,,
129562 (Nonfoil),,,,
129562 (Foil),,57.38,52.98,57.58
139913 (Nonfoil),,5.17,3.75,5.1
139913 (Foil),,,,
151710 (Nonfoil),,,,
151710 (Foil),,24.77,17.0,26.64
169146 (Nonfoil),,,,
169146 (Foil),21.8,19.31,17.0,21.95
57662 (Nonfoil),,,,
57662 (Foil),8.77,11.95,9.0,12.05
167637 (Nonfoil),21.23,15.84,14.0,16.15
167637 (Foil),,31.9,31.88,35.62
167786 (Foil),,134.87,118.98,150.0
167786 (Nonfoil),6.08,5.86,5.06,9.0
176588 (Nonfoil),5.0,4.6,2.99,4.52
176588 (Foil),9.02,7.99,7.0,10.06
179462 (Nonfoil),39.95,35.65,31.5,37.91
179462 (Foil),58.27,60.3,58.27,64.0
179458 (Foil),,23.81,23.49,27.6
179458 (Nonfoil),46.41,21.99,19.76,24.15
188468 (Nonfoil),4.95,3.98,2.68,4.49
188468 (Foil),9.0,7.16,5.96,9.0
187119 (Nonfoil),0.34,0.34,0.1,0.57
187119 (Foil),1.48,1.95,1.26,2.24
188702 (Nonfoil),1.3,1.17,0.25,1.76
188702 (Foil),,3.14,2.49,3.76
190836 (Foil),174.98,142.56,174.98,179.0
190836 (Nonfoil),34.51,35.89,30.99,40.9
192876 (Foil),,9.87,5.5,10.01
192876 (Nonfoil),2.3,2.04,1.04,2.45
192519 (Nonfoil),0.75,0.93,0.13,1.0
192519 (Foil),,2.18,1.0,2.6
199031 (Nonfoil),2.85,2.66,1.35,2.62
199031 (Foil),3.31,3.15,2.0,3.42
198982 (Nonfoil),12.98,7.13,5.5,7.18
198982 (Foil),,28.74,22.09,35.0
206758 (Foil),17.89,18.63,16.91,19.73
206758 (Nonfoil),9.99,10.33,9.1,11.9
207065 (Nonfoil),,1.52,0.94,1.99
207065 (Foil),5.94,5.67,5.0,6.89
206926 (Foil),5.48,5.58,4.46,6.37
206926 (Nonfoil),5.04,4.24,2.5,4.99
206928 (Foil),,40.87,39.99,47.25
206928 (Nonfoil),,10.75,9.0,12.25
206830 (Foil),,4.7,4.64,6.92
206830 (Nonfoil),1.77,2.28,0.99,2.07
206660 (Foil),,1.04,0.79,1.25
206660 (Nonfoil),0.89,0.87,0.23,1.0
206661 (Foil),,6.39,4.75,7.07
206661 (Nonfoil),3.45,2.79,1.75,3.0
206847 (Nonfoil),,1.27,0.4,1.51
206847 (Foil),,3.85,2.79,3.99
206645 (Foil),5.75,5.59,4.0,6.79
206645 (Nonfoil),2.18,1.83,1.34,2.84
206949 (Foil),,4.27,3.49,5.2
206949 (Nonfoil),3.5,1.39,0.69,1.6
212029 (Nonfoil),0.8,0.75,0.47,1.3
212029 (Foil),1.61,1.52,0.49,2.25
212133 (Foil),14.99,14.32,12.99,14.99
212133 (Nonfoil),15.79,13.04,9.91,12.93
212134 (Foil),43.93,42.68,40.99,49.0
212134 (Nonfoil),,17.38,15.49,19.98
212223 (Nonfoil),1.25,1.0,0.49,1.43
212223 (Foil),1.37,1.03,0.65,1.43
212540 (Foil),,5.47,3.06,6.58
212540 (Nonfoil),1.49,1.35,0.29,1.97
212055 (Foil),3.23,2.88,2.02,3.65
212055 (Nonfoil),0.9,0.92,0.5,1.25
212221 (Nonfoil),8.29,8.19,7.0,9.99
212221 (Foil),,,,
215342 (Foil),,35.99,32.5,40.0
215342 (Nonfoil),14.72,14.81,13.0,17.99
215541 (Foil),1.98,3.27,1.98,3.71
215541 (Nonfoil),,1.38,0.79,2.0
215741 (Foil),,7.85,7.0,10.36
215741 (Nonfoil),6.09,4.6,3.8,4.79
215358 (Nonfoil),,19.72,15.3,22.43
215358 (Foil),,42.97,36.0,40.36
215361 (Foil),,52.72,42.0,57.0
215361 (Nonfoil),,21.17,20.0,27.0
216212 (Foil),,,,
216212 (Nonfoil),,12.29,10.5,13.46
222484 (Foil),,,,
222484 (Nonfoil),,,,
12588 (Nonfoil),16.93,12.92,11.74,14.99
12588 (Foil),,90.0,50.0,67.5
12088 (Nonfoil),6.48,9.7,4.22,10.0
12088 (Foil),,29.4,21.65,31.65
14011 (Nonfoil),29.94,18.76,10.0,25.92
14011 (Foil),,44.85,34.9,39.99
37675 (Nonfoil),,,,
37675 (Foil),10.02,10.41,6.73,8.44
27160 (Nonfoil),7.99,9.14,6.79,9.0
27160 (Foil),,18.29,18.35,20.6
4386 (Nonfoil),38.48,28.26,29.97,45.19
4386 (Foil),,,,
2290 (Nonfoil),,26.1,21.5,25.37
2290 (Foil),,,,
14999 (Nonfoil),3.12,2.41,1.74,3.22
14999 (Foil),32.04,42.75,32.04,42.99
3843 (Nonfoil),,26.3,39.99,42.49
3843 (Foil),,,,
170788 (Nonfoil),,,,
170788 (Foil),126.12,126.13,120.48,131.44
6750 (Nonfoil),,11.78,6.81,10.84
6750 (Foil),,112.99,61.0,90.8
39166 (Nonfoil),5.0,9.31,3.54,9.61
39166 (Foil),,47.54,33.99,44.49
39445 (Nonfoil),,27.76,17.8,26.21
39445 (Foil),,52.66,55.99,57.59
9439 (Nonfoil),98.99,64.18,69.0,79.97
9439 (Foil),,244.5,289.99,294.99
9457 (Nonfoil),,8.13,6.75,8.13
9457 (Foil),,15.66,12.0,16.16
10520 (Nonfoil),13.95,7.98,6.76,8.58
10520 (Foil),,20.04,8.03,31.97
10562 (Nonfoil),,24.06,23.49,27.21
10562 (Foil),,61.99,48.42,74.99
37410 (Nonfoil),,9.89,7.45,10.5
37410 (Foil),,,,
7821 (Nonfoil),,10.89,8.5,10.8
7821 (Foil),,35.07,20.01,22.2
652 (Nonfoil),9.96,18.8,14.8,18.33
652 (Foil),,,,
100587 (Nonfoil),,,,
100587 (Foil),,21.58,22.0,24.22
120743 (Foil),,62.36,53.06,63.99
120743 (Nonfoil),,,,
194043 (Foil),2.13,2.68,1.2,2.68
194043 (Nonfoil),,,,
184003 (Foil),,4.92,3.64,4.9
184003 (Nonfoil),,,,
137160 (Foil),49.48,33.9,29.52,44.24
137160 (Nonfoil),,,,
97041 (Nonfoil),,,,
97041 (Foil),13.22,15.01,12.72,15.14
194025 (Nonfoil),,,,
194025 (Foil),28.22,15.92,24.48,24.77
116897 (Foil),,17.98,15.11,21.17
116897 (Nonfoil),,,,
177520 (Foil),1.45,1.72,1.3,1.75
177520 (Nonfoil),,,,
194063 (Foil),,5.19,3.14,5.2
194063 (Nonfoil),,,,
189515 (Nonfoil),,,,
189515 (Foil),2.04,2.1,1.5,3.0
194080 (Nonfoil),,,,
194080 (Foil),,5.85,4.63,6.61
155977 (Nonfoil),,,,
155977 (Foil),,26.85,25.18,32.13
98276 (Nonfoil),,,,
98276 (Foil),113.91,107.56,103.75,120.54
34814 (Nonfoil),,11.71,9.69,11.62
34814 (Foil),,27.98,23.95,30.05
36379 (Nonfoil),12.5,11.74,8.5,13.0
36379 (Foil),,16.6,17.25,25.0
18743 (Nonfoil),17.99,20.73,17.98,20.89
18743 (Foil),,38.82,23.0,33.37
14306 (Nonfoil),,13.18,11.0,13.84
14306 (Foil),,29.55,23.47,31.42
14281 (Nonfoil),5.8,7.47,4.96,8.23
14281 (Foil),14.11,25.03,19.48,25.06
6960 (Nonfoil),,9.51,8.23,10.0
6960 (Foil),,,,
7118 (Nonfoil),,145.7,129.98,166.5
7118 (Foil),,,,
5954 (Nonfoil),,99.22,89.99,99.99
5954 (Foil),,,,
33431 (Nonfoil),8.9,8.52,7.0,10.5
33431 (Foil),,32.03,22.55,33.99
33276 (Nonfoil),5.13,5.11,4.0,5.65
33276 (Foil),17.45,17.43,15.4,18.02
57666 (Nonfoil),,32.5,27.99,35.0
57666 (Foil),,42.41,41.86,47.99
68272 (Nonfoil),,19.08,14.52,19.98
68272 (Foil),,20.8,47.75,55.34
69254 (Nonfoil),,18.96,18.0,19.8
69254 (Foil),,34.01,35.0,39.99
69185 (Nonfoil),18.04,18.54,15.5,20.4
69185 (Foil),,44.12,61.0,70.53
71880 (Nonfoil),18.04,29.37,9.01,25.01
71880 (Foil),,,,
71878 (Nonfoil),17.05,16.76,16.94,19.94
71878 (Foil),,,,
110836 (Nonfoil),15.94,14.61,13.5,17.99
110836 (Foil),42.89,35.93,32.19,39.95
124405 (Foil),,,,
124405 (Nonfoil),,6.79,4.35,6.6
129819 (Foil),,11.36,10.7,12.08
129819 (Nonfoil),6.52,6.24,4.26,7.25
129558 (Foil),40.99,34.73,39.49,42.78
129558 (Nonfoil),,,,
135074 (Nonfoil),12.74,9.98,6.5,9.21
135074 (Foil),14.67,16.28,13.0,16.43
140146 (Nonfoil),,18.0,15.0,19.66
140146 (Foil),,,,
145495 (Foil),47.98,64.95,39.0,54.87
145495 (Nonfoil),17.55,16.25,13.25,19.95
39441 (Nonfoil),,,,
39441 (Foil),18.52,19.75,15.5,22.5
176429 (Nonfoil),0.31,0.31,0.15,0.55
176429 (Foil),,3.37,2.96,3.59
176685 (Nonfoil),2.66,2.64,1.4,4.96
176685 (Foil),12.46,14.48,10.53,14.99
179478 (Foil),,16.16,25.94,29.99
179478 (Nonfoil),25.99,17.9,16.0,19.99
179472 (Foil),,15.66,13.66,16.49
179472 (Nonfoil),13.29,10.75,7.99,11.92
182958 (Foil),,8.09,6.0,8.99
182958 (Nonfoil),2.94,2.57,1.47,2.99
191131 (Nonfoil),14.72,15.66,13.0,17.01
191131 (Foil),68.98,72.2,66.49,76.0
192514 (Foil),,9.48,8.12,9.54
192514 (Nonfoil),3.74,4.03,1.76,4.64
192220 (Foil),3.7,4.44,3.41,5.46
192220 (Nonfoil),0.96,0.98,0.65,1.36
192222 (Foil),,19.18,17.57,19.99
192222 (Nonfoil),10.96,9.27,7.17,10.25
192521 (Foil),,6.04,4.5,6.98
192521 (Nonfoil),3.29,3.19,1.97,3.0
192693 (Foil),,6.77,5.47,6.58
192693 (Nonfoil),,,,
192642 (Nonfoil),1.48,1.39,0.57,1.89
192642 (Foil),,4.79,3.71,4.97
192544 (Foil),12.65,12.63,10.99,13.86
192544 (Nonfoil),7.95,5.11,1.0,8.11
196427 (Nonfoil),6.1,6.02,5.0,6.6
196427 (Foil),,,,
198818 (Nonfoil),4.88,2.88,2.0,4.9
198818 (Foil),7.32,7.59,5.5,9.08
198372 (Foil),,38.23,34.78,41.52
198372 (Nonfoil),,9.96,8.5,10.99
198584 (Foil),,6.96,5.79,7.95
198584 (Nonfoil),8.67,6.34,4.5,6.51
199280 (Foil),,10.87,8.75,14.01
199280 (Nonfoil),,2.73,2.0,3.5
199035 (Nonfoil),0.93,0.77,0.36,1.0
199035 (Foil),0.95,1.72,0.83,1.93
199232 (Nonfoil),2.97,1.89,1.09,2.95
199232 (Foil),3.66,5.11,3.0,5.81
198745 (Nonfoil),0.77,0.7,0.25,0.79
198745 (Foil),0.94,1.36,0.75,1.95
198984 (Nonfoil),,3.4,1.75,3.63
198984 (Foil),,15.09,14.95,16.79
206627 (Foil),1.3,1.26,0.7,1.55
206627 (Nonfoil),1.09,1.12,0.36,1.15
207055 (Foil),0.99,1.04,0.53,1.5
207055 (Nonfoil),0.6,0.64,0.24,1.0
207059 (Nonfoil),2.32,2.21,1.75,2.56
207059 (Foil),,5.44,4.01,6.61
205484 (Foil),,50.4,38.98,62.84
205484 (Nonfoil),,,,
212241 (Foil),5.22,5.32,4.48,6.39
212241 (Nonfoil),1.7,1.61,0.64,1.86
212022 (Nonfoil),4.75,4.1,3.43,6.23
212022 (Foil),16.05,11.12,8.99,16.71
212191 (Nonfoil),15.47,15.41,14.99,17.09
212191 (Foil),,,,
215619 (Foil),,5.72,3.99,9.84
215619 (Nonfoil),4.04,3.61,2.0,4.0
215484 (Nonfoil),,1.67,0.96,2.55
215484 (Foil),,3.79,1.75,5.22
215542 (Foil),6.68,6.48,5.69,8.63
215542 (Nonfoil),,2.61,0.83,3.17
215730 (Foil),4.49,4.45,3.35,4.49
215730 (Nonfoil),,1.87,1.5,2.05
215494 (Nonfoil),6.5,6.23,4.5,6.62
215494 (Foil),,11.92,10.95,12.99
215524 (Nonfoil),,4.52,2.54,5.5
215524 (Foil),,8.91,7.24,10.79
215354 (Foil),,7.39,5.5,11.49
215354 (Nonfoil),,5.12,4.15,6.0
215357 (Foil),,31.35,29.91,35.34
215357 (Nonfoil),,13.99,10.1,15.49
215936 (Nonfoil),,3.27,2.72,4.0
215936 (Foil),,,,
215974 (Foil),,,,
215974 (Nonfoil),,8.84,7.25,10.86
218938 (Foil),6.55,7.72,6.5,8.09
218938 (Nonfoil),4.46,3.58,2.97,5.0
222757 (Nonfoil),,,,
222757 (Foil),,,,
222499 (Foil),,,,
222499 (Nonfoil),,,,
12062 (Nonfoil),19.99,28.45,17.99,27.99
12062 (Foil),,98.19,299.0,334.35
3378 (Nonfoil),,35.44,31.75,37.98
3378 (Foil),,,,
2590 (Nonfoil),9.13,9.14,6.0,8.49
2590 (Foil),,,,
11714 (Nonfoil),,11.11,9.92,12.01
11714 (Foil),,22.21,27.49,29.99
27214 (Nonfoil),3.6,5.41,3.5,5.15
27214 (Foil),,11.88,10.88,13.15
27075 (Nonfoil),34.92,42.32,26.85,40.99
27075 (Foil),,287.31,320.0,474.5
55986 (Nonfoil),2.69,3.94,1.87,4.5
55986 (Foil),13.99,11.12,7.88,14.7
37961 (Nonfoil),,,,
37961 (Foil),,42.41,45.49,48.99
215313 (Foil),47.99,46.91,46.8,53.95
215313 (Nonfoil),,,,
123618 (Foil),66.0,42.6,50.0,56.04
123618 (Nonfoil),,,,
4086 (Nonfoil),59.99,30.49,34.0,39.98
4086 (Foil),,,,
4031 (Nonfoil),199.99,40.15,71.97,130.0
4031 (Foil),,,,
10787 (Nonfoil),,6.89,4.5,6.66
10787 (Foil),,37.02,25.7,27.19
10527 (Nonfoil),27.99,42.51,26.95,36.27
10527 (Foil),,68.8,58.01,77.33
476 (Nonfoil),,112.38,119.99,134.99
476 (Foil),,,,
189535 (Foil),3.66,3.68,2.59,5.23
189535 (Nonfoil),,,,
194031 (Nonfoil),,,,
194031 (Foil),,4.59,3.0,4.05
189534 (Foil),5.99,5.72,4.03,6.32
189534 (Nonfoil),,,,
155961 (Nonfoil),,,,
155961 (Foil),,11.06,10.06,12.29
170004 (Nonfoil),,,,
170004 (Foil),,10.32,9.78,13.25
194016 (Foil),10.6,10.04,6.94,10.79
194016 (Nonfoil),,,,
1344 (Nonfoil),19.1,14.54,11.86,14.73
1344 (Foil),,,,
34859 (Nonfoil),8.99,14.81,8.01,13.99
34859 (Foil),,43.87,54.95,58.48
36395 (Nonfoil),9.05,9.64,6.25,9.97
36395 (Foil),21.08,24.79,19.91,24.21
18687 (Nonfoil),,4.35,2.75,5.06
18687 (Foil),,20.83,20.0,20.99
5531 (Nonfoil),31.98,35.5,27.0,37.97
5531 (Foil),,,,
3528 (Nonfoil),35.99,29.48,55.0,59.97
3528 (Foil),,,,
14353 (Nonfoil),,7.75,5.47,8.8
14353 (Foil),24.97,36.53,27.39,37.01
6231 (Nonfoil),,28.13,19.75,29.19
6231 (Foil),,46.16,61.99,99.97
6889 (Nonfoil),12.82,10.79,9.79,12.82
6889 (Foil),,,,
6885 (Nonfoil),,19.75,19.0,22.0
6885 (Foil),,,,
6809 (Nonfoil),24.97,18.01,13.0,18.0
6809 (Foil),,,,
5814 (Nonfoil),14.98,20.1,16.99,24.88
5814 (Foil),,,,
33472 (Nonfoil),8.5,8.73,4.47,10.08
33472 (Foil),,17.97,14.0,20.3
67318 (Nonfoil),,13.36,10.48,14.5
67318 (Foil),,25.84,46.99,48.45
71042 (Nonfoil),19.75,16.27,13.0,18.31
71042 (Foil),28.91,33.79,28.91,33.79
71883 (Nonfoil),12.65,9.89,7.0,10.24
71883 (Foil),,,,
91110 (Nonfoil),,6.2,2.5,6.77
91110 (Foil),8.25,13.24,8.25,13.5
82893 (Nonfoil),,13.79,9.88,15.49
82893 (Foil),,68.82,59.95,69.99
92917 (Nonfoil),,3.56,2.6,4.14
92917 (Foil),,,,
96501 (Nonfoil),10.93,11.35,8.77,14.66
96501 (Foil),,27.73,25.58,31.37
107867 (Nonfoil),,18.61,16.0,19.6
107867 (Foil),,,,
107844 (Foil),,,,
107844 (Nonfoil),5.08,4.95,2.78,5.03
124603 (Nonfoil),,9.04,7.76,9.45
124603 (Foil),,,,
121626 (Foil),,20.74,19.99,25.22
121626 (Nonfoil),19.15,16.92,13.7,16.0
121620 (Nonfoil),,17.58,15.78,18.41
121620 (Foil),44.97,35.58,41.5,44.48
135014 (Nonfoil),,11.84,9.6,13.1
135014 (Foil),,19.86,22.98,24.49
139822 (Foil),,,,
139822 (Nonfoil),,10.45,8.5,10.5
145485 (Foil),20.5,24.6,19.0,22.99
145485 (Nonfoil),17.25,14.62,12.98,16.84
145288 (Nonfoil),,3.0,1.99,3.31
145288 (Foil),,7.8,6.75,8.24
145503 (Foil),,12.02,13.99,15.5
145503 (Nonfoil),,9.2,7.5,9.47
161444 (Foil),12.21,12.0,9.99,13.0
161444 (Nonfoil),7.99,6.67,5.49,7.5
167794 (Foil),,90.17,89.99,99.93
167794 (Nonfoil),13.98,14.08,11.6,14.99
167651 (Nonfoil),17.67,16.13,10.0,16.63
167651 (Foil),42.46,38.68,34.99,39.58
168634 (Foil),,15.75,13.6,17.05
168634 (Nonfoil),,,,
170946 (Nonfoil),15.46,9.75,6.99,9.96
170946 (Foil),,,,
170962 (Foil),,,,
170962 (Nonfoil),11.53,10.01,7.51,9.99
175192 (Nonfoil),1.75,1.78,0.84,2.32
175192 (Foil),,3.96,3.05,4.13
176834 (Foil),,1.66,0.32,2.5
176834 (Nonfoil),0.14,0.15,0.04,0.5
176841 (Foil),,2.47,1.8,3.0
176841 (Nonfoil),1.61,1.23,0.3,1.8
182957 (Foil),2.7,3.54,2.5,3.78
182957 (Nonfoil),0.56,0.6,0.25,1.26
183060 (Foil),,3.91,2.4,4.54
183060 (Nonfoil),1.78,1.47,0.53,1.65
183312 (Nonfoil),2.84,2.32,1.17,2.5
183312 (Foil),4.02,3.84,3.21,5.0
188414 (Nonfoil),4.28,4.43,2.0,5.18
188414 (Foil),10.54,10.68,9.99,12.92
188706 (Nonfoil),0.38,0.38,0.14,0.62
188706 (Foil),2.29,1.66,0.72,2.6
190992 (Foil),124.99,70.36,115.99,124.99
190992 (Nonfoil),25.87,24.03,23.29,29.22
190867 (Foil),7.2,7.2,6.0,10.12
190867 (Nonfoil),1.36,1.21,0.49,1.75
191057 (Nonfoil),3.36,3.33,2.25,3.98
191057 (Foil),21.74,22.62,19.95,23.87
196486 (Foil),,,,
196486 (Nonfoil),30.9,28.56,25.0,31.86
199255 (Nonfoil),0.15,0.21,0.15,0.5
199255 (Foil),0.96,0.99,0.47,1.5
199258 (Foil),,11.65,8.0,11.97
199258 (Nonfoil),1.57,2.06,1.35,3.44
198816 (Nonfoil),21.95,17.55,16.39,20.5
198816 (Foil),,52.08,60.89,75.0
198986 (Nonfoil),2.65,2.23,1.75,2.99
198986 (Foil),,6.49,5.59,6.99
199245 (Foil),,5.53,4.52,7.14
199245 (Nonfoil),,1.19,0.74,1.49
198777 (Foil),,5.21,3.54,6.45
198777 (Nonfoil),6.57,5.29,3.25,5.49
198778 (Nonfoil),8.05,7.27,6.98,9.0
198778 (Foil),,18.22,18.99,21.72
199219 (Foil),32.2,29.17,31.99,33.75
199219 (Nonfoil),8.25,7.12,6.41,8.17
206642 (Foil),2.73,2.55,2.15,3.54
206642 (Nonfoil),2.14,1.67,0.97,2.5
206643 (Nonfoil),6.7,6.75,5.42,6.89
206643 (Foil),,25.43,25.01,30.44
206694 (Nonfoil),2.18,2.05,1.0,2.8
206694 (Foil),3.19,3.82,2.99,6.0
206814 (Nonfoil),0.4,0.47,0.15,0.71
206814 (Foil),,1.15,0.69,1.49
206651 (Foil),2.13,2.0,1.58,3.67
206651 (Nonfoil),1.98,1.98,1.01,2.5
206712 (Nonfoil),6.79,5.02,4.0,6.01
206712 (Foil),,16.45,15.0,19.99
211995 (Nonfoil),4.14,3.85,3.0,5.75
211995 (Foil),,15.06,13.36,16.86
212060 (Nonfoil),2.73,2.14,1.5,3.37
212060 (Foil),4.24,3.19,2.75,5.0
212061 (Nonfoil),,5.22,4.48,7.24
212061 (Foil),8.93,7.8,5.0,12.69
215319 (Foil),7.15,7.92,6.3,11.0
215319 (Nonfoil),1.2,1.21,0.75,1.75
212493 (Nonfoil),1.69,1.69,1.29,1.97
212493 (Foil),,,,
215558 (Nonfoil),,2.57,1.62,3.0
215558 (Foil),,4.65,3.78,6.59
215543 (Nonfoil),,17.11,15.41,18.64
215543 (Foil),,25.71,29.98,33.18
215620 (Foil),,23.84,23.0,26.0
215620 (Nonfoil),,14.86,13.0,16.0
215495 (Nonfoil),1.95,1.36,1.0,1.68
215495 (Foil),,2.65,1.45,3.54
215343 (Nonfoil),8.5,7.51,5.69,8.0
215343 (Foil),,7.87,6.89,9.18
215344 (Nonfoil),12.19,11.79,10.0,12.3
215344 (Foil),,22.56,20.0,25.15
216361 (Foil),,,,
216361 (Nonfoil),,2.77,2.34,5.0
216346 (Foil),,,,
216346 (Nonfoil),,30.73,29.25,32.94
216178 (Foil),,,,
216178 (Nonfoil),,37.59,36.86,39.75
214842 (Foil),74.85,74.75,67.79,78.85
214842 (Nonfoil),,62.46,53.75,69.46
218846 (Nonfoil),,4.44,3.8,6.0
218846 (Foil),6.49,5.88,5.0,8.79
221306 (Nonfoil),,,12.99,12.99
221306 (Foil),,,,
12003 (Nonfoil),,15.25,12.69,14.99
12003 (Foil),,53.01,46.86,54.79
12015 (Nonfoil),3.98,5.83,4.0,5.99
12015 (Foil),16.87,16.2,15.0,16.88
12106 (Nonfoil),39.99,20.75,22.0,29.47
12106 (Foil),,29.38,34.98,35.32
2804 (Nonfoil),,32.14,28.0,34.03
2804 (Foil),,,,
56324 (Nonfoil),30.98,24.17,21.25,27.66
56324 (Foil),38.47,33.5,34.96,40.0
67377 (Nonfoil),,,,
67377 (Foil),91.32,98.96,90.98,107.88
10688 (Nonfoil),15.19,16.13,10.7,15.99
10688 (Foil),131.98,91.17,129.89,178.3
35545 (Nonfoil),,5.77,4.17,6.5
35545 (Foil),,17.1,11.0,12.82
47664 (Nonfoil),2.79,2.13,1.43,3.55
47664 (Foil),12.37,15.74,9.5,13.62
47627 (Nonfoil),,21.15,17.3,21.15
47627 (Foil),,16.03,32.93,33.99
101351 (Nonfoil),,,,
101351 (Foil),,90.62,79.88,98.48
11451 (Nonfoil),24.99,20.28,16.99,23.51
11451 (Foil),,50.35,41.4,45.89
39595 (Nonfoil),11.36,9.95,6.99,10.49
39595 (Foil),,34.25,31.77,37.95
39605 (Nonfoil),,29.35,25.41,29.25
39605 (Foil),,55.23,104.99,110.95
10365 (Nonfoil),6.64,7.4,5.0,8.35
10365 (Foil),,47.12,33.0,45.0
184007 (Nonfoil),,,,
184007 (Foil),4.69,4.54,3.49,5.13
183993 (Nonfoil),,,,
183993 (Foil),8.94,9.0,7.51,10.99
189545 (Nonfoil),,,,
189545 (Foil),,29.88,35.97,35.99
194082 (Nonfoil),,,,
194082 (Foil),10.65,8.53,6.99,10.32
189473 (Foil),4.48,4.42,3.0,5.24
189473 (Nonfoil),,,,
177487 (Foil),23.08,24.08,18.75,25.86
177487 (Nonfoil),,,,
13340 (Nonfoil),13.29,11.78,10.08,13.15
13340 (Foil),,68.62,53.99,62.0
18698 (Nonfoil),,39.35,21.5,36.0
18698 (Foil),,121.57,66.99,69.0
18746 (Nonfoil),,20.76,17.54,22.33
18746 (Foil),,51.15,42.0,52.65
5355 (Nonfoil),15.19,16.07,14.0,18.0
5355 (Foil),,,,
9052 (Nonfoil),,68.19,55.0,84.97
9052 (Foil),,,,
6234 (Nonfoil),,30.94,23.88,48.99
6234 (Foil),173.95,170.22,188.21,257.29
67187 (Nonfoil),,,,
67187 (Foil),98.05,73.77,84.98,89.99
82233 (Nonfoil),9.5,6.92,5.79,10.5
82233 (Foil),,47.07,36.99,40.89
82189 (Nonfoil),11.99,11.35,8.0,12.0
82189 (Foil),,17.4,13.66,17.53
94116 (Nonfoil),,16.13,13.94,17.66
94116 (Foil),,,,
94109 (Nonfoil),9.91,11.79,10.74,14.0
94109 (Foil),,,,
96604 (Nonfoil),35.7,35.45,35.45,44.97
96604 (Foil),54.99,45.32,47.38,63.0
118463 (Foil),,18.23,19.98,28.95
118463 (Nonfoil),,15.99,14.0,16.82
124550 (Foil),,,,
124550 (Nonfoil),,15.96,14.15,16.5
124142 (Foil),,,,
124142 (Nonfoil),11.97,11.76,9.0,12.28
121767 (Nonfoil),20.79,20.68,17.44,25.24
121767 (Foil),,174.68,338.0,349.99
130058 (Foil),51.99,52.5,51.3,68.99
130058 (Nonfoil),,,,
132179 (Nonfoil),,10.52,9.01,11.14
132179 (Foil),,,,
139791 (Foil),,,,
139791 (Nonfoil),,12.18,8.5,13.06
145289 (Nonfoil),,8.36,6.74,9.59
145289 (Foil),,11.5,11.0,15.5
155797 (Foil),,14.19,11.3,14.3
155797 (Nonfoil),11.81,11.45,8.12,12.5
71900 (Nonfoil),,,,
71900 (Foil),8.72,10.43,6.66,10.44
208041 (Nonfoil),,2.96,2.0,3.05
208041 (Foil),3.99,3.12,1.99,3.22
151713 (Nonfoil),,,,
151713 (Foil),31.61,35.15,31.61,39.99
161497 (Nonfoil),8.87,10.86,9.54,12.84
161497 (Foil),14.96,17.6,12.96,17.49
161521 (Foil),,51.22,51.99,54.95
161521 (Nonfoil),,8.02,5.6,10.0
166687 (Foil),20.46,32.28,20.19,32.22
166687 (Nonfoil),,,,
168720 (Nonfoil),14.59,13.72,10.6,14.0
168720 (Foil),23.66,19.9,18.99,22.42
176907 (Foil),3.9,3.33,2.65,3.9
176907 (Nonfoil),2.17,1.71,0.75,2.18
176425 (Nonfoil),0.62,0.72,0.25,1.0
176425 (Foil),1.94,2.44,1.8,2.81
176706 (Nonfoil),7.49,5.94,4.42,7.0
176706 (Foil),,,,
179494 (Foil),,12.11,9.24,13.76
179494 (Nonfoil),6.25,8.24,6.0,10.14
180830 (Foil),,15.08,13.57,15.75
180830 (Nonfoil),13.48,10.03,8.5,11.72
182962 (Nonfoil),0.21,0.28,0.1,0.55
182962 (Foil),0.46,0.66,0.44,1.29
182492 (Nonfoil),0.34,0.77,0.18,1.25
182492 (Foil),2.97,4.14,2.23,4.34
188506 (Foil),7.77,7.53,6.41,8.0
188506 (Nonfoil),4.48,4.38,3.44,4.66
191589 (Foil),25.56,28.52,22.43,35.12
191589 (Nonfoil),5.59,6.66,4.69,8.1
190997 (Foil),19.77,24.46,18.95,23.66
190997 (Nonfoil),7.82,7.6,6.3,10.45
192698 (Nonfoil),5.0,5.25,4.0,6.84
192698 (Foil),9.48,8.85,7.25,11.09
192638 (Nonfoil),1.27,1.21,0.3,1.42
192638 (Foil),,2.51,1.25,2.98
192617 (Foil),,5.27,4.02,6.0
192617 (Nonfoil),1.25,2.14,0.99,2.0
192631 (Foil),1.99,2.64,1.29,2.82
192631 (Nonfoil),0.25,0.25,0.02,0.5
192788 (Nonfoil),1.5,1.79,0.68,1.74
192788 (Foil),4.97,3.38,2.0,3.43
198990 (Nonfoil),,25.46,18.81,25.61
198990 (Foil),,58.37,61.0,67.59
199418 (Nonfoil),8.0,6.42,4.5,7.0
199418 (Foil),16.48,15.37,15.0,18.32
198710 (Foil),1.95,2.22,1.0,4.95
198710 (Nonfoil),1.89,1.31,0.42,2.22
198989 (Nonfoil),4.93,5.25,4.01,6.94
198989 (Foil),26.59,28.26,26.59,31.5
198394 (Foil),3.45,2.29,1.53,3.71
198394 (Nonfoil),2.44,1.97,1.0,2.5
198564 (Nonfoil),4.91,4.49,3.99,5.99
198564 (Foil),,16.67,15.07,17.9
198578 (Nonfoil),0.2,0.23,0.1,0.48
198578 (Foil),0.61,0.61,0.2,0.99
198764 (Foil),0.25,0.35,0.13,0.77
198764 (Nonfoil),0.14,0.24,0.12,0.49
199506 (Foil),119.9,120.64,119.0,130.0
199506 (Nonfoil),38.87,38.94,36.0,39.0
199296 (Nonfoil),,2.5,1.92,2.65
199296 (Foil),5.32,5.69,4.54,6.93
198425 (Foil),1.12,1.38,1.0,1.91
198425 (Nonfoil),2.22,1.57,1.17,2.84
206007 (Nonfoil),3.5,3.14,2.08,4.98
206007 (Foil),3.78,4.63,2.89,5.89
206009 (Nonfoil),2.76,3.52,2.76,5.45
206009 (Foil),6.36,7.18,3.14,9.55
206189 (Nonfoil),,1.32,0.36,1.48
206189 (Foil),,1.04,0.36,1.9
206695 (Nonfoil),3.49,3.11,2.19,3.56
206695 (Foil),,3.77,3.27,4.34
206696 (Nonfoil),3.58,3.52,2.29,4.12
206696 (Foil),7.44,6.71,5.25,7.82
206801 (Nonfoil),,1.97,0.89,2.0
206801 (Foil),,5.09,5.0,9.72
207021 (Foil),17.8,17.79,16.99,20.38
207021 (Nonfoil),17.87,16.75,15.0,17.99
207060 (Nonfoil),25.94,25.34,22.0,28.53
207060 (Foil),,76.91,105.0,116.5
206222 (Foil),,7.89,6.82,9.0
206222 (Nonfoil),,2.42,1.75,3.3
205607 (Foil),8.99,7.64,6.99,10.0
205607 (Nonfoil),,,,
212072 (Nonfoil),2.2,1.18,0.5,1.75
212072 (Foil),,4.16,2.98,6.5
212073 (Nonfoil),,2.1,1.5,3.74
212073 (Foil),5.21,3.92,3.35,5.23
212031 (Foil),2.79,2.1,1.25,3.75
212031 (Nonfoil),1.49,1.28,0.68,2.0
211993 (Nonfoil),8.13,7.79,5.0,8.55
211993 (Foil),,7.52,7.26,9.66
211994 (Foil),,27.17,24.0,27.98
211994 (Nonfoil),8.75,7.63,5.19,9.25
215622 (Foil),6.75,6.83,4.26,8.98
215622 (Nonfoil),,3.81,2.44,4.85
215623 (Foil),,3.49,2.44,4.62
215623 (Nonfoil),,2.54,2.0,3.48
215535 (Nonfoil),,2.68,1.45,3.25
215535 (Foil),,3.86,2.22,6.51
215550 (Nonfoil),5.96,5.54,4.47,5.92
215550 (Foil),6.22,6.32,4.5,6.32
215594 (Foil),,14.4,12.01,15.2
215594 (Nonfoil),8.75,7.76,5.99,7.6
215696 (Foil),4.5,4.15,3.19,7.0
215696 (Nonfoil),1.89,2.28,1.01,3.07
215963 (Foil),,,,
215963 (Nonfoil),,9.36,8.49,14.0
216095 (Foil),,,,
216095 (Nonfoil),,31.21,28.95,35.4
218388 (Nonfoil),30.08,28.65,24.0,35.99
218388 (Foil),37.91,35.18,32.94,44.88
221305 (Foil),,,,
221305 (Nonfoil),,29.99,29.99,29.99
31762 (Nonfoil),8.84,8.49,7.0,8.99
31762 (Foil),,8.86,7.5,10.15
47412 (Nonfoil),,10.02,9.99,13.22
47412 (Foil),,,,
28511 (Nonfoil),6.65,9.1,5.99,8.4
28511 (Foil),,10.35,25.0,30.98
48153 (Nonfoil),,,,
48153 (Foil),,13.94,14.0,16.74
79289 (Nonfoil),,,,
79289 (Foil),81.98,32.21,55.88,73.53
91635 (Nonfoil),,,,
91635 (Foil),,42.39,37.95,44.99
193825 (Foil),,,,
193825 (Nonfoil),,70.22,65.32,74.74
170020 (Foil),,65.66,65.94,75.47
170020 (Nonfoil),,,,
165574 (Foil),49.99,39.59,44.79,49.99
165574 (Nonfoil),,,,
194022 (Foil),,8.9,7.48,9.35
194022 (Nonfoil),,,,
194018 (Nonfoil),,,,
194018 (Foil),,9.62,14.01,17.52
183986 (Nonfoil),,,,
183986 (Foil),1.34,1.37,0.75,2.21
177513 (Foil),,5.19,4.75,6.51
177513 (Nonfoil),,,,
189486 (Foil),6.09,6.09,2.73,5.98
189486 (Nonfoil),,,,
184001 (Foil),,22.46,18.69,21.53
184001 (Nonfoil),,,,
184008 (Nonfoil),,,,
184008 (Foil),3.1,2.37,1.5,3.21
194021 (Foil),,6.76,5.21,7.33
194021 (Nonfoil),,,,
97014 (Nonfoil),,,,
97014 (Foil),25.45,29.11,25.0,29.95
183980 (Nonfoil),,,,
183980 (Foil),2.98,2.51,1.9,2.99
184009 (Foil),,4.91,3.39,5.0
184009 (Nonfoil),,,,
177492 (Nonfoil),,,,
177492 (Foil),1.99,2.1,1.74,2.4
183990 (Foil),3.25,3.08,2.2,3.57
183990 (Nonfoil),,,,
97008 (Nonfoil),,,,
97008 (Foil),,23.78,21.4,24.99
97010 (Nonfoil),,,,
97010 (Foil),,16.34,10.0,15.09
38376 (Nonfoil),,,,
38376 (Foil),12.83,14.08,8.0,12.99
38412 (Nonfoil),,,,
38412 (Foil),,34.0,41.0,46.99
18728 (Nonfoil),12.48,10.11,7.61,10.0
18728 (Foil),,40.64,34.9,39.18
67174 (Nonfoil),,,,
67174 (Foil),,42.11,32.99,39.01
68425 (Nonfoil),,18.31,16.99,23.38
68425 (Foil),,29.89,30.85,32.98
82204 (Nonfoil),7.0,5.26,3.99,7.0
82204 (Foil),,31.92,21.9,31.5
96507 (Nonfoil),5.98,8.39,5.6,7.7
96507 (Foil),19.56,13.3,16.44,19.56
107871 (Nonfoil),17.95,21.82,19.99,25.88
107871 (Foil),,,,
118426 (Nonfoil),24.93,22.63,19.94,23.14
118426 (Foil),,39.58,32.95,40.99
120262 (Foil),11.99,15.09,10.0,16.45
120262 (Nonfoil),6.2,5.26,4.21,7.87
121531 (Nonfoil),,11.75,9.57,11.99
121531 (Foil),,26.88,26.88,29.18
121934 (Foil),,169.28,165.0,194.99
121934 (Nonfoil),,,,
131913 (Foil),,8.41,7.0,10.96
131913 (Nonfoil),,,,
139787 (Nonfoil),,,,
139787 (Foil),19.7,19.78,16.0,19.53
139797 (Nonfoil),,,,
139797 (Foil),6.94,7.31,3.85,6.93
139811 (Foil),27.99,21.22,17.0,22.0
139811 (Nonfoil),,,,
142030 (Nonfoil),13.89,10.61,7.0,10.73
142030 (Foil),34.95,34.31,25.99,36.85
155632 (Nonfoil),23.28,20.31,17.0,21.45
155632 (Foil),,36.3,35.73,49.99
176826 (Nonfoil),1.45,1.41,0.59,1.53
176826 (Foil),6.83,5.15,3.91,5.34
176688 (Nonfoil),2.38,1.96,0.54,2.0
176688 (Foil),,4.11,3.29,4.5
176839 (Foil),6.52,5.38,5.31,6.52
176839 (Nonfoil),,1.16,0.53,1.1
176424 (Foil),4.93,4.93,3.0,5.82
176424 (Nonfoil),2.15,1.9,1.0,2.34
176677 (Foil),,4.93,3.83,5.66
176677 (Nonfoil),1.95,1.85,0.75,2.34
175582 (Nonfoil),2.5,1.75,0.99,2.11
175582 (Foil),13.64,10.22,5.01,10.98
183182 (Nonfoil),1.18,1.21,0.7,1.85
183182 (Foil),,2.59,2.0,3.45
183308 (Foil),,1.04,0.28,1.8
183308 (Nonfoil),,,,
183309 (Nonfoil),,,,
183309 (Foil),1.38,1.71,0.79,2.14
182950 (Foil),3.45,2.9,1.99,3.78
182950 (Nonfoil),1.17,1.06,0.34,1.55
182363 (Nonfoil),0.3,0.62,0.29,1.0
182363 (Foil),,1.97,1.22,2.42
182951 (Nonfoil),4.23,3.54,2.22,4.6
182951 (Foil),7.72,7.73,6.88,8.99
188643 (Foil),3.24,4.26,3.17,4.27
188643 (Nonfoil),1.47,1.32,0.48,1.85
188514 (Nonfoil),2.17,2.15,1.42,3.4
188514 (Foil),19.11,16.18,14.56,17.99
192552 (Nonfoil),1.88,1.8,0.73,1.81
192552 (Foil),,5.01,3.82,5.52
198424 (Foil),5.57,5.57,4.0,5.99
198424 (Nonfoil),6.5,4.62,4.16,7.02
199026 (Nonfoil),2.73,2.28,1.2,2.7
199026 (Foil),4.49,3.02,2.3,3.77
199028 (Nonfoil),7.27,7.47,6.19,7.95
199028 (Foil),,26.99,27.5,35.0
198413 (Foil),,18.92,16.97,19.95
198413 (Nonfoil),,6.01,4.99,7.99
199024 (Nonfoil),0.46,0.51,0.22,0.65
199024 (Foil),,0.88,0.2,1.18
199251 (Foil),,5.57,4.0,6.96
199251 (Nonfoil),,2.11,1.29,2.65
194914 (Nonfoil),2.4,1.98,1.65,2.99
194914 (Foil),2.1,2.05,1.49,2.5
198721 (Nonfoil),2.06,1.87,0.78,2.0
198721 (Foil),,1.29,0.5,1.99
198356 (Foil),,23.14,22.0,25.99
198356 (Nonfoil),14.54,14.88,12.0,17.0
198357 (Foil),87.98,85.2,80.58,93.4
198357 (Nonfoil),25.63,25.11,20.0,26.27
198849 (Nonfoil),1.98,3.31,1.0,3.78
198849 (Foil),,2.82,2.03,5.8
207050 (Foil),1.02,1.45,0.83,1.89
207050 (Nonfoil),0.53,0.51,0.1,1.13
207062 (Nonfoil),2.42,3.02,1.99,3.75
207062 (Foil),9.99,10.87,6.74,12.0
206896 (Foil),3.53,3.89,3.23,4.49
206896 (Nonfoil),2.34,2.32,1.59,2.79
206898 (Foil),2.03,2.53,1.88,3.08
206898 (Nonfoil),2.17,2.02,1.15,2.4
206950 (Nonfoil),,25.03,23.5,26.66
206950 (Foil),,83.44,84.57,100.0
206654 (Nonfoil),2.11,2.46,1.65,2.78
206654 (Foil),,6.02,4.97,8.0
206458 (Foil),10.9,10.83,9.43,11.49
206458 (Nonfoil),8.49,9.1,6.85,9.63
206459 (Nonfoil),7.98,6.9,5.99,8.79
206459 (Foil),14.24,13.87,12.0,15.29
205592 (Nonfoil),,,,
205592 (Foil),3.89,3.51,1.95,4.72
212550 (Nonfoil),4.75,4.06,3.05,4.3
212550 (Foil),14.38,13.32,11.86,15.97
212039 (Nonfoil),3.35,3.09,1.24,3.75
212039 (Foil),15.94,12.72,11.45,17.51
212040 (Foil),,22.36,19.5,27.45
212040 (Nonfoil),15.03,14.21,12.34,19.99
212249 (Foil),10.98,11.05,9.99,12.32
212249 (Nonfoil),4.1,3.85,3.0,4.61
212623 (Nonfoil),6.39,5.6,4.21,7.98
212623 (Foil),,8.13,6.68,9.4
212630 (Nonfoil),1.69,1.55,1.0,2.69
212630 (Foil),6.01,6.63,4.01,8.49
212001 (Foil),10.87,10.57,9.9,12.2
212001 (Nonfoil),1.75,1.41,0.69,2.5
212004 (Nonfoil),30.57,28.3,23.99,43.18
212004 (Foil),,53.85,50.0,69.99
212121 (Foil),4.99,4.28,3.48,5.97
212121 (Nonfoil),4.0,3.9,2.5,4.5
212250 (Nonfoil),,6.39,5.49,7.41
212250 (Foil),17.16,17.99,16.5,18.99
212787 (Foil),,4.99,4.32,6.99
212787 (Nonfoil),1.72,1.63,1.25,2.25
212598 (Nonfoil),1.47,1.23,0.44,1.8
212598 (Foil),,4.65,3.93,5.5
212018 (Nonfoil),1.0,0.99,0.56,1.66
212018 (Foil),,2.78,2.49,5.76
212020 (Nonfoil),0.25,0.25,0.1,0.7
212020 (Foil),0.36,0.44,0.25,1.2
212253 (Nonfoil),4.36,3.34,2.7,6.09
212253 (Foil),7.54,5.67,4.5,8.71
212638 (Foil),,4.95,4.0,7.96
212638 (Nonfoil),0.96,0.92,0.28,2.0
212635 (Foil),13.69,15.29,12.27,16.95
212635 (Nonfoil),3.38,3.2,2.26,5.0
212074 (Nonfoil),4.22,3.68,2.28,4.24
212074 (Foil),3.57,3.86,3.2,5.07
212075 (Foil),,15.49,14.24,21.0
212075 (Nonfoil),4.6,4.0,2.95,5.0
212076 (Nonfoil),19.24,18.32,15.99,21.14
212076 (Foil),,37.81,33.24,43.0
212282 (Nonfoil),4.9,3.85,2.99,4.6
212282 (Foil),4.0,4.9,3.5,5.82
212283 (Nonfoil),8.83,8.61,7.0,9.25
212283 (Foil),,27.84,25.98,29.85
218375 (Foil),11.41,11.41,5.91,11.51
218375 (Nonfoil),,4.17,3.86,6.45
15077 (Nonfoil),,8.35,6.96,8.48
15077 (Foil),,16.22,10.0,13.62
14865 (Nonfoil),,23.07,21.7,27.4
14865 (Foil),58.75,52.09,59.99,74.99
215314 (Foil),,36.95,34.5,42.79
215314 (Nonfoil),,,,
11465 (Nonfoil),39.99,42.3,37.04,46.59
11465 (Foil),70.56,113.2,70.55,117.42
39066 (Nonfoil),8.49,8.53,6.59,9.99
39066 (Foil),19.97,39.99,19.0,36.82
37075 (Nonfoil),,,,
37075 (Foil),14.95,22.18,15.91,20.78
183984 (Nonfoil),,,,
183984 (Foil),,3.93,2.4,4.0
120758 (Nonfoil),,,,
120758 (Foil),23.98,24.95,14.99,22.25
189493 (Nonfoil),,,,
189493 (Foil),5.96,3.51,2.72,4.58
189495 (Foil),,5.17,6.0,11.81
189495 (Nonfoil),,,,
177505 (Foil),3.52,3.53,3.2,3.8
177505 (Nonfoil),,,,
177507 (Nonfoil),,,,
177507 (Foil),,3.18,2.65,3.66
194065 (Nonfoil),,,,
194065 (Foil),31.2,23.16,23.94,28.04
123341 (Foil),19.99,18.87,15.37,19.99
123341 (Nonfoil),,,,
170025 (Nonfoil),,,,
170025 (Foil),,30.61,35.98,42.99
13230 (Nonfoil),36.46,30.66,25.74,34.97
13230 (Foil),,46.57,43.96,48.02
34695 (Nonfoil),,8.27,6.99,8.84
34695 (Foil),,33.8,29.49,34.61
36250 (Nonfoil),13.98,12.61,10.0,12.99
36250 (Foil),,29.42,24.24,32.22
18764 (Nonfoil),6.6,11.78,6.0,11.78
18764 (Foil),65.54,97.2,95.77,110.02
18811 (Nonfoil),,13.19,9.96,13.19
18811 (Foil),,26.98,59.99,64.99
27765 (Nonfoil),6.63,7.12,5.79,7.57
27765 (Foil),,25.17,19.19,24.89
5412 (Nonfoil),199.99,200.97,199.99,247.37
5412 (Foil),,,,
14342 (Nonfoil),,10.36,7.0,9.79
14342 (Foil),,35.5,27.99,36.55
5930 (Nonfoil),28.99,26.99,19.0,30.88
5930 (Foil),,,,
5802 (Nonfoil),,27.96,25.0,30.94
5802 (Foil),,,,
34328 (Nonfoil),14.94,12.49,9.99,16.0
34328 (Foil),,43.01,25.0,41.51
57619 (Nonfoil),6.1,5.42,4.25,7.19
57619 (Foil),,26.15,13.99,17.74
66410 (Nonfoil),11.29,8.67,6.0,9.01
66410 (Foil),,11.84,10.0,14.36
67913 (Nonfoil),3.5,6.13,3.09,7.07
67913 (Foil),,22.01,16.5,21.24
68256 (Nonfoil),30.37,26.41,25.0,29.93
68256 (Foil),39.98,31.86,30.96,36.74
78839 (Nonfoil),18.94,15.5,13.21,16.17
78839 (Foil),,39.85,27.99,42.84
78965 (Nonfoil),,8.71,4.82,9.4
78965 (Foil),20.47,24.38,20.3,24.99
91188 (Nonfoil),13.95,8.84,5.91,14.99
91188 (Foil),,66.77,52.77,62.38
92838 (Nonfoil),3.58,3.16,2.26,3.79
92838 (Foil),5.95,10.64,5.0,8.43
94403 (Nonfoil),6.73,5.39,3.8,6.88
94403 (Foil),,,,
100224 (Nonfoil),19.99,13.6,11.5,15.74
100224 (Foil),39.42,27.27,39.17,39.99
116229 (Nonfoil),6.6,4.04,3.5,5.9
116229 (Foil),29.98,28.22,23.5,28.97
124011 (Foil),,51.71,47.71,50.98
124011 (Nonfoil),,,,
124661 (Nonfoil),,,,
124661 (Foil),47.94,52.41,47.69,54.14
124012 (Foil),29.95,24.84,24.35,28.95
124012 (Nonfoil),,,,
124140 (Nonfoil),,,,
124140 (Foil),,17.05,15.92,20.46
124129 (Nonfoil),,20.61,21.0,24.14
124129 (Foil),,,,
121434 (Nonfoil),9.85,9.88,6.31,11.77
121434 (Foil),,158.75,149.0,172.79
188711 (Nonfoil),,,,
188711 (Foil),7.79,9.18,7.51,9.93
122845 (Nonfoil),,,,
122845 (Foil),56.93,37.43,51.95,60.0
137121 (Nonfoil),,,,
137121 (Foil),199.98,157.9,174.99,180.0
134933 (Foil),24.47,20.41,17.39,21.5
134933 (Nonfoil),3.98,4.52,2.79,6.0
139800 (Foil),,12.38,10.0,13.98
139800 (Nonfoil),,,,
155735 (Foil),69.95,57.35,59.99,69.95
155735 (Nonfoil),28.48,22.96,19.0,28.5
187130 (Foil),,7.1,5.49,7.13
187130 (Nonfoil),,,,
71223 (Nonfoil),,,,
71223 (Foil),,15.03,11.0,15.78
161523 (Foil),11.64,11.84,10.99,14.04
161523 (Nonfoil),5.38,5.08,3.75,5.73
162150 (Nonfoil),26.64,22.28,19.99,27.11
162150 (Foil),43.39,43.52,38.5,49.51
166736 (Nonfoil),,13.12,11.03,13.5
166736 (Foil),,,,
176779 (Foil),,15.6,14.63,16.99
176779 (Nonfoil),11.5,8.32,4.91,7.99
175204 (Foil),,10.98,9.48,12.29
175204 (Nonfoil),6.79,6.06,3.0,5.99
176780 (Foil),,3.81,2.78,4.0
176780 (Nonfoil),0.23,0.32,0.13,0.69
176436 (Foil),,11.61,7.0,12.87
176436 (Nonfoil),2.44,2.06,1.43,3.01
175565 (Nonfoil),,,,
175565 (Foil),,1.13,0.6,1.68
175567 (Foil),1.12,1.12,0.66,1.54
175567 (Nonfoil),,,,
175199 (Foil),2.82,3.16,2.79,3.73
175199 (Nonfoil),1.21,1.08,0.46,1.51
177436 (Foil),,,,
177436 (Nonfoil),,13.46,11.38,14.47
182997 (Foil),12.22,11.59,10.59,13.11
182997 (Nonfoil),2.99,2.38,1.49,3.14
182964 (Nonfoil),0.79,0.81,0.41,0.99
182964 (Foil),,2.38,1.78,3.99
187240 (Nonfoil),1.32,1.05,0.33,1.5
187240 (Foil),2.95,2.63,2.2,3.9
187194 (Nonfoil),10.0,8.47,6.99,11.96
187194 (Foil),29.94,22.81,17.99,24.99
188490 (Foil),2.49,2.32,1.45,3.0
188490 (Nonfoil),0.79,0.77,0.35,1.13
190877 (Foil),,64.15,53.91,72.97
190877 (Nonfoil),10.12,10.54,8.93,13.84
190994 (Nonfoil),44.7,48.74,44.51,59.95
190994 (Foil),249.74,232.41,249.0,274.94
198991 (Nonfoil),7.19,7.32,6.21,9.63
198991 (Foil),19.94,22.46,17.24,23.69
198426 (Foil),0.99,0.99,0.68,1.32
198426 (Nonfoil),,0.93,0.57,1.43
206798 (Nonfoil),8.99,7.22,5.75,8.17
206798 (Foil),,18.84,18.37,22.45
206839 (Nonfoil),,57.04,56.01,62.0
206839 (Foil),,197.09,168.65,228.9
212014 (Foil),19.99,17.06,16.0,23.52
212014 (Nonfoil),,9.34,7.73,15.95
212015 (Foil),8.59,8.63,7.0,9.38
212015 (Nonfoil),2.04,1.64,0.5,2.7
212798 (Foil),13.43,12.41,12.01,15.96
212798 (Nonfoil),,3.63,3.0,4.7
212601 (Foil),1.1,0.93,0.5,1.75
212601 (Nonfoil),0.84,0.62,0.2,0.97
212632 (Nonfoil),,2.55,1.75,3.49
212632 (Foil),,11.95,11.0,14.43
212793 (Nonfoil),1.44,1.36,0.82,2.25
212793 (Foil),5.14,4.9,4.63,5.96
212796 (Nonfoil),8.55,7.07,5.25,8.92
212796 (Foil),,23.08,20.99,24.59
212252 (Foil),24.43,27.68,21.99,30.9
212252 (Nonfoil),,6.11,4.5,8.37
212600 (Foil),2.74,2.12,1.68,2.25
212600 (Nonfoil),2.5,2.13,1.0,1.93
212043 (Foil),2.64,2.43,1.3,2.97
212043 (Nonfoil),1.56,1.28,0.75,1.82
212023 (Nonfoil),1.56,1.5,0.75,1.7
212023 (Foil),1.5,1.26,0.9,1.99
212024 (Foil),4.36,4.13,3.74,8.78
212024 (Nonfoil),2.19,1.65,0.7,2.15
212027 (Nonfoil),11.95,9.29,8.2,11.11
212027 (Foil),14.95,11.84,9.59,15.12
212549 (Nonfoil),0.48,0.63,0.22,0.71
212549 (Foil),0.7,0.7,0.34,1.22
212633 (Nonfoil),1.38,1.31,0.99,2.04
212633 (Foil),7.23,7.8,6.25,9.52
212058 (Nonfoil),1.25,0.94,0.5,1.49
212058 (Foil),2.45,2.33,1.78,3.08
212120 (Nonfoil),3.49,3.52,2.5,4.71
212120 (Foil),,,,
215498 (Foil),,30.94,31.97,36.55
215498 (Nonfoil),,16.93,13.99,17.49
215917 (Foil),,3.95,3.33,4.78
215917 (Nonfoil),,1.66,1.0,2.49
215739 (Foil),,6.09,5.7,7.0
215739 (Nonfoil),,2.16,1.5,2.79
219581 (Nonfoil),,6.97,5.79,9.23
219581 (Foil),15.99,15.71,12.3,18.03
218832 (Nonfoil),5.51,5.32,4.3,5.89
218832 (Foil),10.69,9.35,8.49,10.01
218923 (Foil),7.49,6.84,4.41,6.99
218923 (Nonfoil),4.16,3.8,2.95,4.99
218812 (Nonfoil),,62.34,56.69,64.39
218812 (Foil),71.07,67.34,63.4,76.74
214840 (Foil),66.95,64.92,58.99,68.41
214840 (Nonfoil),,56.04,54.99,63.0
218627 (Foil),3.3,3.16,2.43,3.65
218627 (Nonfoil),,2.01,1.47,2.57
218863 (Foil),22.66,20.23,18.49,24.97
218863 (Nonfoil),,20.85,18.96,23.56
2989 (Nonfoil),,6.4,3.0,6.38
2989 (Foil),,50.34,74.66,133.75
12383 (Nonfoil),15.98,16.86,12.58,17.71
12383 (Foil),123.18,164.98,120.0,149.95
12160 (Nonfoil),52.97,45.88,39.76,48.57
12160 (Foil),,95.96,127.7,142.23
2515 (Nonfoil),33.88,18.84,18.9,22.4
2515 (Foil),,,,
14137 (Nonfoil),,43.11,37.49,45.0
14137 (Foil),,82.75,67.35,75.59
28538 (Nonfoil),3.65,5.76,3.41,5.89
28538 (Foil),14.98,13.16,10.41,13.33
36974 (Nonfoil),2.42,2.03,1.69,2.85
36974 (Foil),,,,
4410 (Nonfoil),,15.43,12.88,16.11
4410 (Foil),,,,
11811 (Nonfoil),,17.53,14.93,18.8
11811 (Foil),,46.35,38.75,40.0
11802 (Nonfoil),5.64,5.77,3.5,6.53
11802 (Foil),,22.84,18.99,25.91
11808 (Nonfoil),29.99,18.52,12.0,18.75
11808 (Foil),,32.73,31.44,36.83
2267 (Nonfoil),,46.21,44.99,51.0
2267 (Foil),,,,
2449 (Nonfoil),,8.02,6.1,7.69
2449 (Foil),,,,
48159 (Nonfoil),,,,
48159 (Foil),,42.78,43.0,45.62
36763 (Nonfoil),,,,
36763 (Foil),49.98,38.54,48.69,65.8
7580 (Nonfoil),,41.78,36.96,41.79
7580 (Foil),,198.96,145.91,181.82
38265 (Nonfoil),,,,
38265 (Foil),,65.73,125.0,150.0
188710 (Foil),107.99,70.11,70.2,80.63
188710 (Nonfoil),,,,
15653 (Nonfoil),,15.58,14.0,18.34
15653 (Foil),,78.38,69.8,75.65
15657 (Nonfoil),,12.71,10.5,12.75
15657 (Foil),,49.21,37.0,41.0
11516 (Nonfoil),15.57,22.1,13.5,19.95
11516 (Foil),,55.22,25.29,47.49
11306 (Nonfoil),39.99,38.27,34.01,38.3
11306 (Foil),,52.45,47.83,60.5
18079 (Nonfoil),13.29,10.5,6.0,10.99
18079 (Foil),23.99,23.39,20.18,24.47
155972 (Foil),,26.08,25.33,27.24
155972 (Nonfoil),,,,
189460 (Nonfoil),,,,
189460 (Foil),17.03,9.84,9.35,14.95
111249 (Nonfoil),,,,
111249 (Foil),51.01,27.71,33.44,52.03
165573 (Nonfoil),,,,
165573 (Foil),47.94,45.67,41.5,46.74
194057 (Nonfoil),,,,
194057 (Foil),5.85,5.78,4.45,7.18
34701 (Nonfoil),18.88,14.14,12.0,14.25
34701 (Foil),,46.96,82.99,84.84
34700 (Nonfoil),,58.47,49.02,58.47
34700 (Foil),,86.72,93.59,101.92
34697 (Nonfoil),10.82,8.73,6.48,9.86
34697 (Foil),28.78,24.25,17.32,28.79
36515 (Nonfoil),,4.25,3.38,4.72
36515 (Foil),,10.77,8.75,10.5
36519 (Nonfoil),11.99,8.81,6.63,9.34
36519 (Foil),,15.36,13.45,18.13
36246 (Nonfoil),28.31,18.43,12.0,16.21
36246 (Foil),29.98,25.17,23.61,24.49
36251 (Nonfoil),,22.67,18.5,23.47
36251 (Foil),,51.79,40.98,51.0
5339 (Nonfoil),24.99,22.25,18.05,25.98
5339 (Foil),,,,
5615 (Nonfoil),11.13,9.44,7.0,9.43
5615 (Foil),,,,
5751 (Nonfoil),,16.37,13.0,18.8
5751 (Foil),,,,
5660 (Nonfoil),19.98,13.41,9.5,12.75
5660 (Foil),,,,
5701 (Nonfoil),,17.37,17.08,19.73
5701 (Foil),,,,
5707 (Nonfoil),27.99,20.3,16.8,21.75
5707 (Foil),,,,
14241 (Nonfoil),19.61,21.39,18.5,22.99
14241 (Foil),,29.39,28.99,30.59
6209 (Nonfoil),,103.85,72.92,155.09
6209 (Foil),,524.49,549.99,589.99
6300 (Nonfoil),8.78,9.37,6.0,9.33
6300 (Foil),,87.7,63.5,69.99
6931 (Nonfoil),19.79,20.77,19.0,22.77
6931 (Foil),,,,
6898 (Nonfoil),10.49,11.72,5.0,12.7
6898 (Foil),,,,
5941 (Nonfoil),6.97,7.34,5.99,8.34
5941 (Foil),,,,
6076 (Nonfoil),59.45,64.89,51.49,70.24
6076 (Foil),,,,
33288 (Nonfoil),,6.93,5.0,7.78
33288 (Foil),,29.48,27.99,32.13
91253 (Nonfoil),34.95,24.1,21.88,25.92
91253 (Foil),,38.42,38.42,45.1
83215 (Nonfoil),,32.65,28.68,35.7
83215 (Foil),,49.35,49.37,52.24
94263 (Nonfoil),25.9,24.46,17.75,25.97
94263 (Foil),,,,
94132 (Nonfoil),,26.44,24.0,26.75
94132 (Foil),,,,
95224 (Nonfoil),25.81,25.61,21.99,30.39
95224 (Foil),,87.37,39.51,71.72
100270 (Nonfoil),8.86,7.42,5.25,7.42
100270 (Foil),,13.21,11.75,14.5
104285 (Nonfoil),44.24,46.89,39.5,52.65
104285 (Foil),,92.81,103.91,137.94
1 (Nonfoil),,,,
110905 (Foil),18.97,19.43,18.89,22.41
110905 (Nonfoil),7.19,8.03,5.49,7.93
119260 (Foil),,81.5,120.0,129.99
119260 (Nonfoil),42.74,34.42,32.15,39.89
122664 (Nonfoil),12.5,10.17,7.5,10.61
122664 (Foil),,13.91,12.0,15.99
126297 (Foil),73.47,68.4,63.8,74.65
126297 (Nonfoil),,,,
126294 (Nonfoil),,,,
126294 (Foil),,153.8,156.94,160.37
122858 (Foil),174.98,116.02,139.99,169.0
122858 (Nonfoil),,,,
126284 (Foil),58.88,58.89,51.46,70.0
126284 (Nonfoil),,,,
126299 (Foil),54.48,38.34,44.95,54.74
126299 (Nonfoil),,,,
126443 (Foil),39.88,44.68,28.98,39.95
126443 (Nonfoil),12.63,11.35,9.0,15.48
126350 (Nonfoil),8.11,6.18,4.95,8.41
126350 (Foil),,12.23,12.0,14.99
139815 (Nonfoil),12.28,11.51,8.4,11.7
139815 (Foil),,,,
139786 (Nonfoil),7.98,9.08,6.2,10.0
139786 (Foil),,,,
139820 (Foil),19.94,21.75,18.2,25.0
139820 (Nonfoil),,,,
162254 (Foil),13.58,13.07,11.95,15.75
162254 (Nonfoil),11.1,11.06,8.64,11.0
162259 (Nonfoil),7.59,6.56,5.26,7.99
162259 (Foil),,15.52,10.5,16.32
162851 (Foil),,,,
162851 (Nonfoil),12.39,12.15,10.0,12.18
167964 (Nonfoil),34.79,26.93,22.75,27.97
167964 (Foil),,45.77,42.0,50.96
166872 (Foil),,,,
166872 (Nonfoil),29.89,23.73,20.21,26.94
166686 (Nonfoil),,,,
166686 (Foil),17.99,14.58,14.58,17.99
166917 (Foil),,,,
166917 (Nonfoil),,9.32,8.0,9.95
170781 (Nonfoil),21.66,17.19,10.86,19.25
170781 (Foil),,,,
179448 (Nonfoil),,20.47,19.25,23.33
179448 (Foil),,25.67,22.47,28.26
190720 (Nonfoil),12.06,11.79,9.45,14.01
190720 (Foil),,51.82,45.0,59.5
191049 (Nonfoil),10.74,10.65,7.5,11.05
191049 (Foil),36.33,29.6,27.4,32.56
191050 (Nonfoil),18.92,19.07,15.0,20.69
191050 (Foil),,37.77,34.19,43.51
192551 (Foil),29.25,29.89,28.34,37.5
192551 (Nonfoil),5.0,4.68,4.0,5.32
192909 (Foil),,3.33,3.26,4.5
192909 (Nonfoil),1.75,1.73,0.77,1.99
198996 (Foil),,5.04,3.61,6.85
198996 (Nonfoil),1.83,1.56,0.99,1.99
199257 (Foil),5.22,5.59,4.73,5.77
199257 (Nonfoil),4.38,4.78,3.5,5.1
207064 (Nonfoil),,11.1,9.99,12.0
207064 (Foil),39.99,33.43,30.52,33.99
206648 (Foil),,3.65,3.09,5.0
206648 (Nonfoil),3.2,3.2,1.99,3.65
206749 (Nonfoil),6.09,6.11,4.0,8.79
206749 (Foil),22.03,25.46,20.26,26.99
212302 (Foil),7.79,5.9,5.0,6.99
212302 (Nonfoil),6.95,5.79,3.0,5.5
212304 (Nonfoil),9.88,9.37,6.95,9.36
212304 (Foil),19.66,18.61,17.99,23.15
215339 (Foil),,56.26,55.0,63.45
215339 (Nonfoil),,28.39,25.05,31.99
215340 (Nonfoil),,30.38,27.41,35.68
215340 (Foil),,76.71,73.45,83.54
215500 (Nonfoil),2.3,2.35,1.61,3.14
215500 (Foil),,5.78,4.4,8.21
218965 (Nonfoil),,101.89,98.95,110.0
218965 (Foil),125.95,124.24,111.75,127.25
218612 (Foil),96.94,91.57,80.96,100.0
218612 (Nonfoil),,86.79,75.0,85.34
219013 (Nonfoil),,43.17,40.0,49.99
219013 (Foil),46.99,47.23,45.0,55.0
218279 (Foil),42.92,39.8,30.99,42.0
218279 (Nonfoil),,29.74,29.16,33.25
218573 (Nonfoil),,12.29,12.0,16.0
218573 (Foil),23.2,20.34,17.98,22.08
222488 (Nonfoil),,,,
222488 (Foil),,,,
4167 (Nonfoil),29.99,37.37,34.0,42.69
4167 (Foil),,,,
12310 (Nonfoil),,13.37,9.89,13.38
12310 (Foil),,28.53,27.41,34.9
12167 (Nonfoil),,12.19,8.78,12.47
12167 (Foil),,29.45,23.62,29.99
12075 (Nonfoil),,9.68,7.0,9.49
12075 (Foil),,12.75,14.2,15.03
46931 (Nonfoil),13.39,13.6,9.0,11.64
46931 (Foil),,,,
46952 (Nonfoil),,19.52,21.05,24.67
46952 (Foil),,,,
11595 (Nonfoil),,8.88,5.5,8.79
11595 (Foil),,20.81,19.19,20.6
27235 (Nonfoil),,11.14,9.32,11.0
27235 (Foil),,24.03,20.55,23.49
11793 (Nonfoil),,25.73,24.0,27.25
11793 (Foil),,34.3,62.74,72.89
38065 (Nonfoil),,,,
38065 (Foil),,9.4,7.87,9.95
4480 (Nonfoil),,9.09,7.5,12.5
4480 (Foil),,,,
194571 (Foil),219.94,129.65,159.5,184.46
194571 (Nonfoil),,,,
38251 (Nonfoil),,,,
38251 (Foil),,210.97,360.0,367.5
10263 (Nonfoil),,9.56,8.03,9.99
10263 (Foil),,22.44,144.0,168.98
10195 (Nonfoil),8.43,12.38,6.75,9.68
10195 (Foil),60.77,26.16,36.02,39.98
47661 (Nonfoil),4.4,4.24,2.31,4.13
47661 (Foil),,7.1,4.44,6.01
170789 (Foil),,51.76,44.01,58.0
170789 (Nonfoil),,,,
11564 (Nonfoil),9.92,8.96,5.49,9.55
11564 (Foil),,45.29,27.95,37.0
39555 (Nonfoil),9.98,10.63,7.25,9.99
39555 (Foil),,34.48,29.45,30.44
7829 (Nonfoil),4.99,9.47,5.51,9.39
7829 (Foil),,82.43,81.98,87.49
146122 (Foil),27.93,15.9,19.99,22.38
146122 (Nonfoil),,,,
194076 (Nonfoil),,,,
194076 (Foil),,2.26,0.99,2.49
194079 (Nonfoil),,,,
194079 (Foil),1.5,1.88,0.71,2.6
18655 (Nonfoil),29.53,40.64,30.0,42.27
18655 (Foil),,64.15,39.83,67.99
18700 (Nonfoil),5.92,6.81,2.99,7.6
18700 (Foil),26.44,28.4,24.99,29.2
5632 (Nonfoil),,23.9,18.0,25.32
5632 (Foil),,,,
5455 (Nonfoil),47.58,57.94,44.99,58.3
5455 (Foil),,,,
6370 (Nonfoil),,19.78,29.0,39.58
6370 (Foil),,103.34,175.0,187.5
7044 (Nonfoil),6.45,7.58,5.49,7.4
7044 (Foil),,,,
6792 (Nonfoil),10.43,13.46,9.0,13.59
6792 (Foil),,,,
6081 (Nonfoil),19.81,21.38,18.46,28.0
6081 (Foil),,,,
67350 (Nonfoil),8.87,6.36,5.0,6.95
67350 (Foil),,10.41,7.95,11.97
69922 (Nonfoil),14.48,17.08,11.75,15.72
69922 (Foil),,23.85,23.75,29.75
69888 (Nonfoil),19.98,12.13,8.0,11.85
69888 (Foil),,10.91,13.75,15.49
71173 (Nonfoil),0.49,0.89,0.26,1.26
71173 (Foil),3.26,3.68,2.6,3.7
215489 (Foil),,0.93,0.32,1.31
215489 (Nonfoil),,,,
92298 (Nonfoil),,,,
92298 (Foil),9.99,10.0,6.9,9.5
105007 (Nonfoil),13.94,10.08,8.0,10.08
105007 (Foil),,20.05,18.27,21.95
110736 (Nonfoil),,,,
110736 (Foil),,96.92,94.99,109.09
118407 (Foil),27.65,32.59,26.93,30.48
118407 (Nonfoil),,23.09,15.55,23.09
118418 (Nonfoil),,109.2,93.75,120.0
118418 (Foil),,227.33,224.95,239.99
126287 (Nonfoil),,,,
126287 (Foil),65.32,68.78,63.87,72.05
129549 (Foil),,83.59,75.0,89.23
129549 (Nonfoil),,,,
139792 (Foil),,,,
139792 (Nonfoil),8.07,10.15,7.0,9.46
179507 (Nonfoil),,10.29,8.26,10.15
179507 (Foil),,15.23,15.15,17.31
180836 (Foil),,8.42,7.0,9.09
180836 (Nonfoil),2.99,3.54,2.5,4.97
180796 (Foil),4.46,7.38,4.46,8.34
180796 (Nonfoil),0.63,1.79,0.49,2.01
191343 (Foil),48.65,48.66,44.44,50.0
191343 (Nonfoil),8.83,9.11,7.85,10.25
192605 (Foil),2.14,3.23,0.99,3.22
192605 (Nonfoil),0.49,0.48,0.2,1.0
192608 (Foil),1.75,2.05,0.31,2.42
192608 (Nonfoil),0.3,0.29,0.21,0.95
198435 (Nonfoil),5.49,4.35,2.49,4.4
198435 (Foil),,,,
212002 (Nonfoil),14.05,13.27,10.94,14.07
212002 (Foil),,27.58,22.97,27.58
212078 (Foil),38.76,40.28,32.96,42.2
212078 (Nonfoil),15.8,15.78,13.37,18.69
212631 (Nonfoil),7.98,4.63,3.0,4.48
212631 (Foil),,13.65,10.43,14.73
212319 (Foil),,,,
212319 (Nonfoil),2.28,2.26,1.53,3.15
215598 (Foil),,3.14,2.5,3.46
215598 (Nonfoil),,1.75,1.25,2.27
215485 (Nonfoil),6.99,6.71,5.75,7.4
215485 (Foil),18.44,19.09,17.99,20.03
215742 (Nonfoil),,22.04,21.99,26.0
215742 (Foil),,37.35,36.0,39.99
215499 (Nonfoil),,3.03,2.34,3.4
215499 (Foil),,7.51,6.5,8.0
215402 (Nonfoil),,,,
215402 (Foil),,8.59,7.59,9.9
215592 (Nonfoil),5.2,5.38,3.78,5.87
215592 (Foil),10.0,11.37,8.9,11.25
215681 (Foil),,0.44,0.29,0.85
215681 (Nonfoil),0.41,0.41,0.21,0.55
215347 (Nonfoil),0.25,0.25,0.1,0.49
215347 (Foil),0.33,0.33,0.2,0.89
215680 (Foil),,0.73,0.46,1.1
215680 (Nonfoil),,0.7,0.05,0.93
215711 (Nonfoil),0.45,0.4,0.02,0.56
215711 (Foil),,0.47,0.35,1.0
215672 (Nonfoil),2.44,1.7,0.92,2.55
215672 (Foil),2.46,2.41,1.99,3.5
215728 (Foil),,0.51,0.24,0.9
215728 (Nonfoil),,0.37,0.08,0.5
215538 (Foil),,0.18,0.07,0.5
215538 (Nonfoil),0.11,0.12,0.05,0.28
215540 (Foil),,0.62,0.28,1.1
215540 (Nonfoil),0.46,0.44,0.13,0.71
215701 (Foil),,0.23,0.01,0.59
215701 (Nonfoil),0.17,0.15,0.08,0.35
215582 (Foil),3.94,2.9,1.5,3.03
215582 (Nonfoil),3.29,2.91,0.94,3.0
215698 (Foil),,2.32,1.65,2.81
215698 (Nonfoil),2.02,1.63,1.0,2.09
215350 (Foil),,22.06,13.0,24.97
215350 (Nonfoil),,17.19,15.45,23.0
215368 (Foil),,1.32,0.67,1.92
215368 (Nonfoil),,1.39,0.5,1.48
215731 (Foil),,0.39,0.03,0.62
215731 (Nonfoil),0.3,0.3,0.08,0.45
215341 (Foil),,14.37,13.7,17.49
215341 (Nonfoil),,12.33,11.0,13.99
215693 (Nonfoil),0.26,0.31,0.06,0.49
215693 (Foil),,0.39,0.25,0.69
215665 (Nonfoil),0.16,0.19,0.1,0.4
215665 (Foil),0.22,0.23,0.15,0.64
215353 (Nonfoil),,4.86,3.28,5.11
215353 (Foil),,5.39,4.76,6.93
215648 (Nonfoil),,0.36,0.01,0.49
215648 (Foil),,0.37,0.25,0.62
215470 (Foil),0.19,0.31,0.19,0.55
215470 (Nonfoil),0.17,0.18,0.1,0.4
215373 (Nonfoil),,0.46,0.21,0.54
215373 (Foil),,0.58,0.13,0.99
215608 (Foil),,0.9,0.35,1.11
215608 (Nonfoil),,0.62,0.1,0.81
215384 (Nonfoil),3.79,3.52,2.0,3.72
215384 (Foil),,3.29,2.75,4.27
215657 (Foil),,0.93,0.46,1.49
215657 (Nonfoil),,0.73,0.24,1.02
215583 (Foil),1.8,1.68,1.0,2.47
215583 (Nonfoil),1.94,1.29,0.49,2.03
215584 (Foil),,0.51,0.28,1.42
215584 (Nonfoil),0.7,0.7,0.2,0.99
215603 (Nonfoil),1.93,1.24,0.4,2.21
215603 (Foil),2.23,1.44,0.75,2.99
215329 (Foil),,0.61,0.25,1.0
215329 (Nonfoil),,0.47,0.03,0.59
215573 (Nonfoil),9.86,9.6,7.96,9.87
215573 (Foil),,9.88,8.49,11.35
215372 (Nonfoil),2.83,2.47,1.5,2.81
215372 (Foil),3.86,2.63,1.61,3.8
215501 (Nonfoil),,1.95,0.97,2.74
215501 (Foil),,2.37,1.0,3.5
215503 (Foil),,0.32,0.18,0.52
215503 (Nonfoil),,0.27,0.07,0.48
215674 (Foil),0.21,0.41,0.19,0.51
215674 (Nonfoil),0.09,0.21,0.04,0.4
215551 (Nonfoil),0.19,0.19,0.1,0.41
215551 (Foil),0.15,0.27,0.15,0.57
215326 (Nonfoil),6.37,6.34,5.0,6.79
215326 (Foil),,7.12,5.0,7.58
215700 (Foil),,0.33,0.2,0.89
215700 (Nonfoil),0.22,0.21,0.04,0.45
216588 (Foil),,,,
216588 (Nonfoil),,20.1,17.0,23.79
216591 (Nonfoil),,4.4,3.8,8.91
216591 (Foil),,,,
219247 (Nonfoil),5.25,5.42,4.25,5.94
219247 (Foil),7.25,6.88,5.45,7.48
47528 (Nonfoil),3.7,4.79,1.89,4.5
47528 (Foil),,,,
11319 (Nonfoil),3.79,4.79,2.42,5.11
11319 (Foil),,34.99,24.74,35.22
33356 (Nonfoil),16.89,16.37,10.0,15.0
33356 (Foil),21.0,27.57,21.0,61.89
222133 (Foil),,1.69,1.5,1.69
222133 (Nonfoil),,0.72,0.59,0.76
222131 (Foil),,4.26,2.0,2.58
222131 (Nonfoil),,1.04,0.89,1.04
221897 (Foil),,1.6,1.5,1.69
221897 (Nonfoil),,0.48,0.35,0.52
221790 (Nonfoil),,0.88,0.79,1.49
221790 (Foil),,2.61,2.5,2.62
222409 (Foil),,16.99,15.0,15.98
222409 (Nonfoil),,9.57,10.0,14.47
222107 (Nonfoil),,0.91,0.75,0.91
222107 (Foil),,4.9,1.5,1.61
222129 (Foil),,5.35,2.5,3.1
222129 (Nonfoil),,1.51,1.25,1.51
221891 (Foil),,1.44,1.5,2.15
221891 (Nonfoil),,0.53,0.39,0.71
221777 (Nonfoil),,0.44,0.39,0.99
221777 (Foil),,1.88,1.88,1.94
221452 (Nonfoil),,5.6,4.25,7.27
221452 (Foil),,12.0,9.99,18.42
221780 (Foil),,15.9,15.89,24.0
221780 (Nonfoil),,11.61,11.92,13.2
221779 (Foil),,31.55,36.58,41.67
221779 (Nonfoil),,11.37,13.39,14.99
221867 (Nonfoil),,0.4,0.35,0.5
221867 (Foil),,3.26,1.87,2.61
222046 (Nonfoil),,1.29,0.95,1.5
222046 (Foil),,4.75,2.92,2.99
222196 (Foil),,,1.0,1.18
222196 (Nonfoil),,0.62,0.35,0.51
222023 (Nonfoil),,0.67,0.45,0.99
222023 (Foil),,5.6,3.47,3.95
221951 (Nonfoil),,0.66,0.59,0.93
221951 (Foil),,3.73,3.0,3.85
221868 (Foil),,1.97,1.97,2.91
221868 (Nonfoil),,1.24,0.99,1.69
222095 (Nonfoil),,11.88,11.45,12.75
222095 (Foil),,29.84,22.0,22.99
222110 (Nonfoil),,22.18,21.45,22.94
222110 (Foil),,42.46,35.99,40.47
222180 (Nonfoil),,1.58,1.25,1.5
222180 (Foil),,4.13,3.0,3.57
222111 (Nonfoil),,2.72,1.99,2.69
222111 (Foil),,5.5,5.0,5.09
221843 (Nonfoil),,3.95,3.79,4.58
221843 (Foil),,9.88,9.0,9.19
221817 (Foil),,9.88,9.0,9.19
221817 (Nonfoil),,4.28,4.13,4.94
221830 (Nonfoil),,7.05,6.39,8.36
221830 (Foil),,9.58,9.0,9.36
221845 (Nonfoil),,4.33,3.99,5.0
221845 (Foil),,9.88,9.0,9.19
221959 (Nonfoil),,1.19,0.94,1.95
221959 (Foil),,3.84,7.87,7.96
221948 (Nonfoil),,5.65,4.95,5.92
221948 (Foil),,17.45,9.99,20.6
221969 (Foil),,4.39,2.5,2.56
221969 (Nonfoil),,0.79,0.59,1.55
221858 (Nonfoil),,0.44,0.35,0.63
221858 (Foil),,,2.0,2.19
221952 (Nonfoil),,6.02,14.99,15.0
221952 (Foil),,16.5,12.0,18.88
222139 (Nonfoil),,1.65,1.49,1.67
222139 (Foil),,3.16,3.0,3.15
221850 (Foil),,2.72,2.5,2.8
221850 (Nonfoil),,0.7,0.59,1.49
222055 (Foil),,2.2,2.0,2.2
222055 (Nonfoil),,0.84,0.75,0.88
221903 (Nonfoil),,0.61,0.49,0.84
221903 (Foil),,2.37,2.0,2.37
222124 (Foil),,2.5,2.48,2.49
222124 (Nonfoil),,1.13,1.09,1.15
221860 (Nonfoil),,1.53,1.45,2.18
221860 (Foil),,4.17,6.86,6.95
222125 (Foil),,,1.0,1.13
222125 (Nonfoil),,0.58,0.35,0.5
221800 (Foil),,16.3,7.0,12.84
221800 (Nonfoil),,1.52,1.25,2.5
221854 (Nonfoil),,3.32,3.09,3.89
221854 (Foil),,8.42,8.0,8.14
221921 (Foil),,,1.27,1.49
221921 (Nonfoil),,0.39,0.29,0.5
222161 (Nonfoil),,2.17,2.0,2.84
222161 (Foil),,3.68,3.0,3.11
222114 (Nonfoil),,0.9,0.75,0.9
222114 (Foil),,,1.5,1.6
221449 (Nonfoil),,7.82,7.93,10.5
221449 (Foil),,12.5,12.5,28.91
222115 (Foil),,5.33,4.21,4.21
222115 (Nonfoil),,2.79,2.7,2.95
222147 (Nonfoil),,0.54,0.35,0.5
222147 (Foil),,,1.0,1.13
222183 (Foil),,1.68,1.0,1.4
222183 (Nonfoil),,1.13,0.35,0.72
222038 (Foil),,20.98,12.0,13.99
222038 (Nonfoil),,7.09,7.95,9.99
221935 (Foil),,23.78,22.0,22.64
221935 (Nonfoil),,12.02,11.86,12.33
222014 (Nonfoil),,2.26,1.99,3.5
222014 (Foil),,10.52,7.0,9.51
222163 (Nonfoil),,11.8,14.99,20.0
222163 (Foil),,15.18,17.95,17.95
221789 (Foil),,2.91,2.0,2.95
221789 (Nonfoil),,0.52,0.39,0.62
221786 (Nonfoil),,4.69,4.22,5.48
221786 (Foil),,19.76,9.99,19.76
222096 (Nonfoil),,1.0,0.79,1.04
222096 (Foil),,1.99,2.0,2.21
222016 (Foil),,1.95,1.5,1.8
222016 (Nonfoil),,0.57,0.45,0.85
221895 (Nonfoil),,4.88,4.5,5.69
221895 (Foil),,12.42,8.0,8.91
222171 (Foil),,4.07,3.21,3.73
222171 (Nonfoil),,1.44,0.86,1.58
222085 (Nonfoil),,10.76,10.23,11.0
222085 (Foil),,23.98,29.0,29.0
222137 (Foil),,4.64,2.0,3.07
222137 (Nonfoil),,1.46,1.09,1.49
222127 (Nonfoil),,1.14,0.99,1.18
222127 (Foil),,2.19,2.0,2.17
221926 (Nonfoil),,0.53,0.45,0.93
221926 (Foil),,3.36,2.5,2.82
221907 (Nonfoil),,0.67,0.35,0.94
221907 (Foil),,1.94,1.93,2.08
222036 (Foil),,1.79,1.5,1.72
222036 (Nonfoil),,0.51,0.39,0.67
222066 (Nonfoil),,12.6,11.99,14.12
222066 (Foil),,26.68,20.0,22.0
222062 (Foil),,5.55,4.54,5.21
222062 (Nonfoil),,2.31,1.79,2.68
222050 (Foil),,23.42,18.0,23.95
222050 (Nonfoil),,13.3,13.99,16.0
222093 (Foil),,2.8,1.5,1.55
222093 (Nonfoil),,0.48,0.39,0.5
221958 (Nonfoil),,0.4,0.32,0.5
221958 (Foil),,1.38,1.0,1.38
221923 (Nonfoil),,0.51,0.35,0.75
221923 (Foil),,4.08,2.49,3.36
222193 (Foil),,,1.0,1.13
222193 (Nonfoil),,0.71,0.35,0.5
222030 (Nonfoil),,6.7,7.5,10.0
222030 (Foil),,14.98,14.98,17.35
221774 (Foil),,8.56,5.0,5.84
221774 (Nonfoil),,2.81,3.0,3.97
222019 (Nonfoil),,1.68,1.3,1.75
222019 (Foil),,6.25,3.89,4.91
222122 (Nonfoil),,1.62,1.25,1.68
222122 (Foil),,3.48,2.5,3.42
222167 (Foil),,26.21,24.95,24.95
222167 (Nonfoil),,17.91,16.49,19.0
221884 (Foil),,24.39,73.61,74.31
221884 (Nonfoil),,11.02,22.0,22.24
222026 (Foil),,1.62,1.5,1.62
222026 (Nonfoil),,0.42,0.35,0.55
222042 (Foil),,2.31,2.0,2.2
222042 (Nonfoil),,0.61,0.49,0.94
222154 (Nonfoil),,1.51,1.25,1.59
222154 (Foil),,,2.5,2.63
215362 (Foil),0.2,0.34,0.2,0.9
215362 (Nonfoil),0.2,0.26,0.1,0.5
215667 (Foil),0.19,0.25,0.1,0.55
215667 (Nonfoil),0.17,0.16,0.1,0.36
215671 (Foil),0.29,0.33,0.23,0.62
215671 (Nonfoil),0.22,0.23,0.03,0.43
215697 (Nonfoil),,0.75,0.19,0.99
215697 (Foil),,1.01,0.67,1.42
215706 (Nonfoil),0.42,0.36,0.1,0.54
215706 (Foil),,0.44,0.21,0.99
215443 (Nonfoil),,9.54,7.5,9.99
215443 (Foil),,10.28,8.5,12.0
215519 (Foil),,1.14,0.66,1.54
215519 (Nonfoil),1.08,1.05,0.25,1.44
215449 (Nonfoil),0.31,0.31,0.21,0.55
215449 (Foil),,0.38,0.28,0.99
215664 (Foil),0.23,0.33,0.2,0.55
215664 (Nonfoil),0.2,0.2,0.09,0.4
215673 (Foil),,14.21,12.49,14.99
215673 (Nonfoil),,12.36,10.0,13.3
215571 (Nonfoil),0.2,0.19,0.09,0.4
215571 (Foil),0.09,0.22,0.1,0.5
215589 (Foil),0.09,0.2,0.09,0.49
215589 (Nonfoil),0.01,0.1,0.01,0.3
215477 (Foil),,11.7,11.5,16.89
215477 (Nonfoil),12.53,12.18,9.99,12.5
215627 (Nonfoil),0.47,0.45,0.1,0.55
215627 (Foil),,0.47,0.25,0.86
215609 (Foil),,2.48,1.58,3.0
215609 (Nonfoil),2.94,2.16,1.19,3.0
215616 (Nonfoil),0.38,0.36,0.09,0.5
215616 (Foil),,0.41,0.2,0.75
215534 (Nonfoil),0.57,0.57,0.22,1.08
215534 (Foil),,0.9,0.56,1.37
215456 (Nonfoil),,0.21,0.01,0.4
215456 (Foil),,0.36,0.2,0.5
221838 (Foil),,9.88,7.93,8.45
221838 (Nonfoil),,4.07,3.79,5.09
221822 (Foil),,9.56,9.29,9.37
221822 (Nonfoil),,5.82,5.49,6.95
222199 (Nonfoil),,0.48,0.35,0.48
222199 (Foil),,,1.0,1.0
